SetID,Date,Time,Contact,Type,Duration
1,2026-01-02,08:23,Rohan,Incoming,24:26
1,2026-01-02,09:00,Ankit,Outgoing,01:24
1,2026-01-02,11:33,Aarav,Incoming,01:10
1,2026-01-02,13:09,Aarav,Outgoing,22:15
1,2026-01-02,13:19,Meera,Missed,00:00
1,2026-01-02,13:51,Mom,Outgoing,12:04
1,2026-01-02,15:21,Mom,Outgoing,03:57
1,2026-01-02,15:54,Mom,Outgoing,04:50
1,2026-01-02,17:18,Sister,Missed,00:00
1,2026-01-02,19:30,Rohan,Incoming,01:49
1,2026-01-02,21:07,Boss,Outgoing,15:13
1,2026-01-02,23:52,Neha,Outgoing,18:51
1,2026-01-03,00:05,Ankit,Incoming,24:41
1,2026-01-03,02:06,Rahul,Outgoing,20:50
1,2026-01-03,04:48,Unknown,Missed,00:00
1,2026-01-03,07:11,Mom,Outgoing,11:32
1,2026-01-03,10:06,Unknown,Incoming,02:58
1,2026-01-03,13:04,Ankit,Incoming,10:21
1,2026-01-03,14:54,Office,Outgoing,23:29
1,2026-01-03,17:30,Sister,Outgoing,00:12
2,2026-01-03,10:55,Sister,Outgoing,14:36
2,2026-01-03,12:33,Ankit,Incoming,22:29
2,2026-01-03,15:10,Rohan,Missed,00:00
2,2026-01-03,16:46,Aarav,Missed,00:00
2,2026-01-03,17:27,Karan,Incoming,21:31
2,2026-01-03,18:10,Ankit,Outgoing,01:30
2,2026-01-03,18:56,Priya,Incoming,11:57
2,2026-01-03,21:39,Sister,Outgoing,14:32
2,2026-01-03,23:02,Karan,Outgoing,00:20
2,2026-01-04,00:50,Rohan,Incoming,02:55
2,2026-01-04,02:12,Office,Incoming,13:22
2,2026-01-04,02:33,Aarav,Outgoing,15:43
2,2026-01-04,03:33,Meera,Incoming,16:10
2,2026-01-04,05:58,Boss,Outgoing,09:31
2,2026-01-04,08:07,Dad,Incoming,16:05
2,2026-01-04,10:10,Meera,Outgoing,17:17
2,2026-01-04,11:09,Office,Outgoing,02:40
2,2026-01-04,13:03,Mom,Outgoing,14:07
2,2026-01-04,15:38,Ankit,Incoming,20:27
2,2026-01-04,17:19,Priya,Incoming,04:12
3,2026-01-04,10:48,Boss,Incoming,25:35
3,2026-01-04,11:28,Neha,Outgoing,03:58
3,2026-01-04,12:51,Meera,Outgoing,20:55
3,2026-01-04,15:49,Dad,Incoming,07:00
3,2026-01-04,16:27,Boss,Outgoing,24:28
3,2026-01-04,18:16,Aarav,Outgoing,11:43
3,2026-01-04,18:59,Priya,Incoming,13:13
3,2026-01-04,19:10,Boss,Outgoing,04:51
3,2026-01-04,19:41,Aarav,Incoming,08:26
3,2026-01-04,21:30,Mom,Outgoing,02:55
3,2026-01-04,22:11,Sister,Outgoing,12:17
3,2026-01-04,22:34,Priya,Outgoing,17:45
3,2026-01-05,00:03,Rahul,Incoming,17:50
3,2026-01-05,01:39,Rahul,Missed,00:00
3,2026-01-05,02:26,Priya,Incoming,06:27
3,2026-01-05,04:43,Meera,Incoming,02:55
3,2026-01-05,05:32,Priya,Incoming,01:35
3,2026-01-05,05:58,Sister,Outgoing,06:25
3,2026-01-05,07:59,Boss,Outgoing,11:04
3,2026-01-05,09:04,Rohan,Incoming,01:34
4,2026-01-05,10:15,Ankit,Incoming,02:22
4,2026-01-05,12:01,Karan,Incoming,08:05
4,2026-01-05,12:41,Boss,Incoming,06:05
4,2026-01-05,13:07,Unknown,Incoming,20:41
4,2026-01-05,15:08,Karan,Missed,00:00
4,2026-01-05,15:28,Rohan,Incoming,03:59
4,2026-01-05,17:47,Neha,Incoming,23:21
4,2026-01-05,19:26,Dad,Incoming,19:11
4,2026-01-05,19:42,Mom,Incoming,16:20
4,2026-01-05,20:44,Rohan,Outgoing,10:44
4,2026-01-05,21:32,Priya,Incoming,15:23
4,2026-01-05,23:58,Unknown,Outgoing,01:39
4,2026-01-06,00:47,Unknown,Incoming,07:44
4,2026-01-06,03:19,Meera,Incoming,09:58
4,2026-01-06,04:10,Neha,Incoming,15:50
4,2026-01-06,06:21,Rohan,Outgoing,14:51
4,2026-01-06,08:22,Rahul,Outgoing,09:05
4,2026-01-06,10:12,Boss,Outgoing,03:58
4,2026-01-06,12:58,Sister,Outgoing,12:36
4,2026-01-06,15:44,Mom,Outgoing,07:49
5,2026-01-06,09:45,Neha,Incoming,08:36
5,2026-01-06,11:36,Rahul,Outgoing,13:43
5,2026-01-06,11:47,Priya,Outgoing,07:30
5,2026-01-06,14:30,Unknown,Incoming,19:22
5,2026-01-06,17:16,Rahul,Incoming,22:00
5,2026-01-06,19:25,Priya,Incoming,21:03
5,2026-01-06,19:40,Aarav,Incoming,25:17
5,2026-01-06,21:55,Aarav,Incoming,24:41
5,2026-01-06,23:06,Rohan,Outgoing,05:41
5,2026-01-07,00:58,Sister,Outgoing,01:24
5,2026-01-07,02:55,Rahul,Incoming,25:44
5,2026-01-07,04:28,Karan,Outgoing,02:14
5,2026-01-07,06:30,Rohan,Missed,00:00
5,2026-01-07,07:03,Aarav,Missed,00:00
5,2026-01-07,08:59,Ankit,Incoming,24:29
5,2026-01-07,11:12,Aarav,Outgoing,01:15
5,2026-01-07,13:20,Ankit,Outgoing,07:06
5,2026-01-07,15:36,Sister,Incoming,19:53
5,2026-01-07,17:21,Aarav,Missed,00:00
5,2026-01-07,18:20,Dad,Incoming,22:04
6,2026-01-07,09:42,Dad,Missed,00:00
6,2026-01-07,10:53,Meera,Outgoing,09:00
6,2026-01-07,11:19,Dad,Outgoing,22:17
6,2026-01-07,13:42,Priya,Outgoing,16:25
6,2026-01-07,15:26,Sister,Outgoing,14:55
6,2026-01-07,16:29,Dad,Outgoing,15:02
6,2026-01-07,16:53,Unknown,Outgoing,03:57
6,2026-01-07,18:43,Karan,Incoming,22:33
6,2026-01-07,18:55,Karan,Missed,00:00
6,2026-01-07,21:54,Aarav,Incoming,11:46
6,2026-01-07,22:37,Boss,Missed,00:00
6,2026-01-08,01:12,Karan,Incoming,18:41
6,2026-01-08,02:39,Boss,Outgoing,02:59
6,2026-01-08,04:43,Boss,Incoming,02:17
6,2026-01-08,07:01,Karan,Incoming,13:42
6,2026-01-08,10:01,Unknown,Outgoing,03:08
6,2026-01-08,10:46,Ankit,Outgoing,19:58
6,2026-01-08,13:28,Ankit,Outgoing,17:47
6,2026-01-08,15:01,Boss,Outgoing,20:41
6,2026-01-08,17:38,Aarav,Missed,00:00
7,2026-01-08,10:33,Mom,Incoming,21:05
7,2026-01-08,12:06,Rahul,Outgoing,13:52
7,2026-01-08,14:43,Unknown,Outgoing,18:19
7,2026-01-08,16:59,Aarav,Incoming,23:49
7,2026-01-08,17:32,Rahul,Missed,00:00
7,2026-01-08,18:04,Karan,Incoming,23:03
7,2026-01-08,18:15,Aarav,Missed,00:00
7,2026-01-08,21:00,Rohan,Outgoing,03:14
7,2026-01-08,23:59,Sister,Incoming,24:17
7,2026-01-09,00:50,Unknown,Incoming,05:33
7,2026-01-09,03:20,Office,Incoming,09:18
7,2026-01-09,03:37,Neha,Outgoing,17:03
7,2026-01-09,04:08,Dad,Missed,00:00
7,2026-01-09,06:36,Ankit,Incoming,17:57
7,2026-01-09,09:22,Rohan,Outgoing,01:08
7,2026-01-09,10:39,Rohan,Outgoing,17:26
7,2026-01-09,13:28,Meera,Incoming,06:57
7,2026-01-09,14:33,Unknown,Missed,00:00
7,2026-01-09,16:28,Rohan,Incoming,05:59
7,2026-01-09,18:24,Rohan,Outgoing,01:21
8,2026-01-09,08:21,Aarav,Incoming,12:33
8,2026-01-09,09:54,Aarav,Incoming,08:40
8,2026-01-09,12:52,Aarav,Outgoing,23:57
8,2026-01-09,15:27,Priya,Incoming,10:33
8,2026-01-09,18:13,Priya,Outgoing,15:19
8,2026-01-09,20:40,Meera,Incoming,08:08
8,2026-01-09,22:26,Dad,Incoming,21:03
8,2026-01-09,23:07,Meera,Incoming,14:51
8,2026-01-09,23:30,Office,Outgoing,07:08
8,2026-01-10,02:26,Sister,Missed,00:00
8,2026-01-10,02:52,Neha,Missed,00:00
8,2026-01-10,04:51,Rahul,Incoming,01:00
8,2026-01-10,07:21,Ankit,Incoming,10:42
8,2026-01-10,08:40,Neha,Outgoing,11:37
8,2026-01-10,10:37,Dad,Outgoing,08:33
8,2026-01-10,10:51,Priya,Outgoing,09:03
8,2026-01-10,12:05,Office,Incoming,10:21
8,2026-01-10,12:48,Neha,Outgoing,05:39
8,2026-01-10,14:17,Ankit,Incoming,13:28
8,2026-01-10,15:32,Boss,Outgoing,17:34
9,2026-01-10,10:15,Priya,Incoming,23:47
9,2026-01-10,12:25,Boss,Incoming,02:12
9,2026-01-10,15:00,Ankit,Incoming,12:04
9,2026-01-10,16:01,Sister,Incoming,14:31
9,2026-01-10,18:17,Office,Missed,00:00
9,2026-01-10,20:00,Office,Incoming,02:47
9,2026-01-10,22:13,Unknown,Incoming,04:45
9,2026-01-11,01:07,Rohan,Outgoing,16:31
9,2026-01-11,01:18,Rohan,Outgoing,19:32
9,2026-01-11,03:32,Neha,Outgoing,18:07
9,2026-01-11,05:18,Mom,Incoming,18:16
9,2026-01-11,05:41,Rohan,Incoming,22:07
9,2026-01-11,06:53,Sister,Incoming,03:09
9,2026-01-11,09:12,Meera,Incoming,24:58
9,2026-01-11,10:14,Unknown,Outgoing,20:05
9,2026-01-11,11:46,Neha,Outgoing,03:59
9,2026-01-11,13:48,Dad,Missed,00:00
9,2026-01-11,14:17,Karan,Incoming,23:02
9,2026-01-11,15:53,Rohan,Outgoing,23:00
9,2026-01-11,16:32,Unknown,Incoming,02:18
10,2026-01-11,09:40,Priya,Incoming,04:51
10,2026-01-11,12:23,Office,Outgoing,19:51
10,2026-01-11,14:54,Sister,Outgoing,01:46
10,2026-01-11,16:30,Karan,Missed,00:00
10,2026-01-11,16:51,Meera,Incoming,21:31
10,2026-01-11,17:03,Rahul,Incoming,12:46
10,2026-01-11,19:34,Unknown,Incoming,24:17
10,2026-01-11,20:55,Sister,Outgoing,05:50
10,2026-01-11,22:09,Rahul,Outgoing,20:17
10,2026-01-11,23:00,Meera,Outgoing,08:14
10,2026-01-11,23:15,Karan,Outgoing,14:06
10,2026-01-12,00:17,Rahul,Outgoing,03:01
10,2026-01-12,01:45,Aarav,Outgoing,13:12
10,2026-01-12,04:18,Priya,Incoming,04:51
10,2026-01-12,06:33,Ankit,Outgoing,05:01
10,2026-01-12,09:29,Aarav,Outgoing,06:14
10,2026-01-12,12:08,Meera,Incoming,07:39
10,2026-01-12,12:37,Rohan,Outgoing,16:41
10,2026-01-12,12:59,Karan,Incoming,15:44
10,2026-01-12,13:37,Aarav,Outgoing,00:48
11,2026-01-12,09:57,Ankit,Incoming,24:17
11,2026-01-12,11:50,Aarav,Missed,00:00
11,2026-01-12,14:01,Rahul,Incoming,16:53
11,2026-01-12,14:34,Office,Incoming,13:55
11,2026-01-12,16:49,Meera,Incoming,19:20
11,2026-01-12,18:56,Ankit,Incoming,12:10
11,2026-01-12,20:05,Mom,Outgoing,06:01
11,2026-01-12,20:30,Neha,Missed,00:00
11,2026-01-12,21:31,Unknown,Incoming,24:25
11,2026-01-12,23:12,Office,Incoming,11:17
11,2026-01-13,01:36,Priya,Outgoing,00:38
11,2026-01-13,02:24,Sister,Outgoing,05:08
11,2026-01-13,04:28,Aarav,Outgoing,00:02
11,2026-01-13,05:55,Dad,Outgoing,20:19
11,2026-01-13,06:08,Sister,Outgoing,17:32
11,2026-01-13,07:53,Ankit,Outgoing,25:53
11,2026-01-13,10:39,Ankit,Incoming,13:17
11,2026-01-13,13:29,Rahul,Outgoing,02:02
11,2026-01-13,15:12,Ankit,Outgoing,15:03
11,2026-01-13,16:57,Aarav,Incoming,02:26
12,2026-01-13,09:06,Neha,Outgoing,24:20
12,2026-01-13,10:04,Meera,Incoming,08:53
12,2026-01-13,10:37,Meera,Outgoing,07:26
12,2026-01-13,13:11,Priya,Incoming,15:10
12,2026-01-13,14:06,Boss,Incoming,07:55
12,2026-01-13,17:06,Meera,Outgoing,13:39
12,2026-01-13,19:01,Rahul,Outgoing,21:29
12,2026-01-13,19:33,Ankit,Incoming,18:24
12,2026-01-13,20:51,Mom,Missed,00:00
12,2026-01-13,22:34,Aarav,Outgoing,24:40
12,2026-01-13,23:57,Neha,Missed,00:00
12,2026-01-14,00:45,Rohan,Incoming,00:30
12,2026-01-14,02:54,Unknown,Outgoing,08:18
12,2026-01-14,05:01,Ankit,Incoming,01:14
12,2026-01-14,05:28,Aarav,Incoming,08:56
12,2026-01-14,07:10,Ankit,Incoming,09:09
12,2026-01-14,07:20,Ankit,Incoming,23:19
12,2026-01-14,09:02,Boss,Missed,00:00
12,2026-01-14,09:48,Rohan,Outgoing,10:26
12,2026-01-14,11:57,Dad,Outgoing,15:59
13,2026-01-14,08:22,Sister,Outgoing,11:56
13,2026-01-14,10:47,Karan,Outgoing,00:45
13,2026-01-14,13:32,Unknown,Outgoing,01:00
13,2026-01-14,15:31,Mom,Incoming,21:15
13,2026-01-14,16:53,Mom,Incoming,25:26
13,2026-01-14,17:15,Priya,Missed,00:00
13,2026-01-14,18:45,Mom,Outgoing,02:33
13,2026-01-14,20:57,Priya,Outgoing,20:19
13,2026-01-14,22:33,Ankit,Outgoing,12:07
13,2026-01-15,01:29,Rahul,Incoming,11:54
13,2026-01-15,04:03,Mom,Outgoing,18:32
13,2026-01-15,04:17,Unknown,Outgoing,24:11
13,2026-01-15,05:21,Dad,Incoming,05:39
13,2026-01-15,07:00,Mom,Incoming,08:12
13,2026-01-15,07:48,Unknown,Incoming,25:45
13,2026-01-15,09:03,Mom,Incoming,06:35
13,2026-01-15,11:07,Boss,Incoming,02:06
13,2026-01-15,13:04,Boss,Incoming,20:31
13,2026-01-15,15:30,Rahul,Missed,00:00
13,2026-01-15,15:56,Ankit,Incoming,03:21
14,2026-01-15,09:49,Neha,Incoming,14:04
14,2026-01-15,10:10,Office,Incoming,17:28
14,2026-01-15,12:07,Boss,Outgoing,00:34
14,2026-01-15,14:28,Aarav,Missed,00:00
14,2026-01-15,15:05,Sister,Outgoing,24:10
14,2026-01-15,16:54,Unknown,Outgoing,14:45
14,2026-01-15,18:48,Mom,Outgoing,20:06
14,2026-01-15,20:13,Priya,Outgoing,17:15
14,2026-01-15,21:18,Rohan,Incoming,20:24
14,2026-01-15,23:46,Mom,Incoming,14:51
14,2026-01-16,01:31,Mom,Outgoing,14:05
14,2026-01-16,03:00,Office,Incoming,25:42
14,2026-01-16,04:58,Neha,Incoming,18:53
14,2026-01-16,05:23,Boss,Incoming,18:47
14,2026-01-16,07:58,Sister,Incoming,13:54
14,2026-01-16,09:14,Rohan,Incoming,20:57
14,2026-01-16,10:04,Boss,Incoming,00:08
14,2026-01-16,11:31,Mom,Incoming,06:08
14,2026-01-16,13:23,Rohan,Incoming,22:08
14,2026-01-16,14:33,Karan,Incoming,12:27
15,2026-01-16,09:32,Ankit,Incoming,21:45
15,2026-01-16,10:54,Mom,Incoming,24:27
15,2026-01-16,12:18,Rohan,Outgoing,06:08
15,2026-01-16,13:17,Unknown,Outgoing,10:20
15,2026-01-16,14:55,Dad,Incoming,04:36
15,2026-01-16,15:25,Meera,Outgoing,01:59
15,2026-01-16,18:01,Dad,Incoming,01:42
15,2026-01-16,19:25,Meera,Outgoing,02:44
15,2026-01-16,19:38,Unknown,Incoming,11:08
15,2026-01-16,22:31,Meera,Outgoing,12:44
15,2026-01-16,22:57,Mom,Outgoing,23:04
15,2026-01-17,01:27,Sister,Outgoing,24:18
15,2026-01-17,02:02,Neha,Incoming,23:21
15,2026-01-17,04:33,Rahul,Outgoing,15:45
15,2026-01-17,05:26,Unknown,Outgoing,09:43
15,2026-01-17,08:16,Rahul,Missed,00:00
15,2026-01-17,08:49,Rahul,Outgoing,23:01
15,2026-01-17,11:17,Rohan,Outgoing,17:56
15,2026-01-17,13:28,Meera,Incoming,23:43
15,2026-01-17,13:39,Dad,Incoming,17:24
16,2026-01-17,09:38,Mom,Outgoing,25:00
16,2026-01-17,11:34,Sister,Incoming,13:56
16,2026-01-17,11:49,Rohan,Incoming,00:59
16,2026-01-17,12:54,Dad,Outgoing,21:50
16,2026-01-17,13:45,Priya,Incoming,08:22
16,2026-01-17,16:22,Unknown,Outgoing,06:21
16,2026-01-17,18:53,Neha,Incoming,12:00
16,2026-01-17,21:24,Priya,Outgoing,04:48
16,2026-01-17,22:51,Rahul,Outgoing,06:42
16,2026-01-18,01:43,Ankit,Missed,00:00
16,2026-01-18,02:39,Mom,Outgoing,01:25
16,2026-01-18,04:51,Unknown,Outgoing,17:41
16,2026-01-18,05:31,Meera,Outgoing,18:14
16,2026-01-18,06:31,Dad,Incoming,14:51
16,2026-01-18,07:06,Rohan,Missed,00:00
16,2026-01-18,08:37,Boss,Incoming,19:49
16,2026-01-18,08:56,Dad,Outgoing,05:09
16,2026-01-18,09:20,Unknown,Outgoing,12:49
16,2026-01-18,10:50,Meera,Incoming,18:26
16,2026-01-18,12:35,Karan,Incoming,04:58
17,2026-01-18,10:27,Boss,Outgoing,21:31
17,2026-01-18,10:38,Neha,Outgoing,06:10
17,2026-01-18,13:08,Unknown,Outgoing,05:43
17,2026-01-18,14:22,Office,Incoming,14:52
17,2026-01-18,16:24,Priya,Incoming,04:49
17,2026-01-18,17:46,Neha,Incoming,07:49
17,2026-01-18,20:01,Sister,Outgoing,04:09
17,2026-01-18,22:39,Neha,Missed,00:00
17,2026-01-19,01:03,Office,Outgoing,18:15
17,2026-01-19,02:32,Rohan,Outgoing,17:43
17,2026-01-19,05:19,Unknown,Outgoing,20:44
17,2026-01-19,06:21,Priya,Missed,00:00
17,2026-01-19,08:43,Ankit,Incoming,09:41
17,2026-01-19,09:01,Mom,Incoming,02:34
17,2026-01-19,09:54,Boss,Outgoing,01:12
17,2026-01-19,10:26,Aarav,Outgoing,20:58
17,2026-01-19,13:06,Office,Outgoing,12:02
17,2026-01-19,15:41,Karan,Outgoing,23:05
17,2026-01-19,18:08,Priya,Outgoing,24:27
17,2026-01-19,19:03,Meera,Missed,00:00
18,2026-01-19,10:41,Rahul,Missed,00:00
18,2026-01-19,11:13,Boss,Incoming,06:35
18,2026-01-19,12:50,Sister,Incoming,13:04
18,2026-01-19,14:29,Office,Incoming,15:51
18,2026-01-19,16:15,Unknown,Incoming,11:40
18,2026-01-19,17:37,Rahul,Incoming,15:52
18,2026-01-19,18:23,Dad,Incoming,25:09
18,2026-01-19,18:57,Aarav,Missed,00:00
18,2026-01-19,20:07,Mom,Incoming,19:24
18,2026-01-19,21:33,Ankit,Incoming,25:07
18,2026-01-19,22:10,Neha,Incoming,24:04
18,2026-01-20,00:30,Rohan,Missed,00:00
18,2026-01-20,01:51,Neha,Incoming,10:43
18,2026-01-20,04:33,Rohan,Incoming,10:00
18,2026-01-20,06:17,Dad,Outgoing,25:49
18,2026-01-20,07:11,Rahul,Missed,00:00
18,2026-01-20,09:21,Sister,Missed,00:00
18,2026-01-20,11:36,Karan,Missed,00:00
18,2026-01-20,12:14,Meera,Outgoing,04:11
18,2026-01-20,12:27,Meera,Incoming,24:32
19,2026-01-20,08:50,Rahul,Incoming,06:54
19,2026-01-20,11:33,Rahul,Outgoing,23:12
19,2026-01-20,12:29,Meera,Incoming,18:04
19,2026-01-20,14:14,Rahul,Incoming,17:28
19,2026-01-20,16:31,Neha,Incoming,23:07
19,2026-01-20,17:39,Neha,Outgoing,20:58
19,2026-01-20,20:24,Mom,Incoming,19:24
19,2026-01-20,22:11,Neha,Outgoing,17:26
19,2026-01-20,22:41,Neha,Outgoing,15:54
19,2026-01-21,00:55,Dad,Outgoing,13:44
19,2026-01-21,01:07,Mom,Incoming,08:01
19,2026-01-21,02:44,Boss,Outgoing,21:14
19,2026-01-21,05:00,Unknown,Outgoing,18:25
19,2026-01-21,05:13,Mom,Outgoing,25:52
19,2026-01-21,06:40,Dad,Incoming,09:32
19,2026-01-21,07:00,Rohan,Outgoing,16:25
19,2026-01-21,08:27,Rahul,Missed,00:00
19,2026-01-21,10:09,Office,Outgoing,22:19
19,2026-01-21,10:33,Rohan,Outgoing,15:30
19,2026-01-21,13:09,Dad,Missed,00:00
20,2026-01-21,09:45,Meera,Incoming,22:33
20,2026-01-21,10:37,Neha,Outgoing,08:11
20,2026-01-21,10:50,Neha,Incoming,05:51
20,2026-01-21,12:31,Unknown,Outgoing,03:54
20,2026-01-21,15:20,Dad,Outgoing,15:31
20,2026-01-21,16:37,Karan,Incoming,22:22
20,2026-01-21,16:53,Aarav,Outgoing,10:44
20,2026-01-21,17:03,Rahul,Incoming,15:50
20,2026-01-21,17:53,Meera,Outgoing,23:20
20,2026-01-21,20:14,Aarav,Outgoing,18:39
20,2026-01-21,21:23,Priya,Outgoing,20:19
20,2026-01-21,22:43,Ankit,Incoming,03:08
20,2026-01-22,00:00,Sister,Outgoing,15:06
20,2026-01-22,01:23,Unknown,Incoming,09:05
20,2026-01-22,03:38,Boss,Incoming,06:00
20,2026-01-22,04:15,Boss,Missed,00:00
20,2026-01-22,06:14,Karan,Outgoing,11:38
20,2026-01-22,07:07,Mom,Outgoing,10:30
20,2026-01-22,07:42,Karan,Missed,00:00
20,2026-01-22,10:04,Sister,Incoming,08:05
21,2026-01-22,09:02,Meera,Incoming,20:41
21,2026-01-22,10:38,Boss,Incoming,24:48
21,2026-01-22,13:25,Karan,Outgoing,16:23
21,2026-01-22,15:41,Dad,Incoming,18:43
21,2026-01-22,18:30,Priya,Incoming,20:40
21,2026-01-22,20:56,Neha,Incoming,11:18
21,2026-01-22,22:44,Neha,Outgoing,15:32
21,2026-01-22,22:54,Boss,Incoming,14:33
21,2026-01-23,01:06,Karan,Incoming,22:00
21,2026-01-23,02:17,Rahul,Incoming,19:33
21,2026-01-23,05:10,Karan,Incoming,02:27
21,2026-01-23,07:35,Aarav,Incoming,00:54
21,2026-01-23,08:37,Rahul,Incoming,10:53
21,2026-01-23,10:28,Unknown,Incoming,17:00
21,2026-01-23,11:48,Priya,Incoming,24:24
21,2026-01-23,12:12,Karan,Incoming,03:23
21,2026-01-23,12:31,Meera,Outgoing,07:40
21,2026-01-23,13:46,Mom,Incoming,07:28
21,2026-01-23,15:31,Mom,Missed,00:00
21,2026-01-23,18:23,Priya,Incoming,20:30
22,2026-01-23,10:25,Neha,Outgoing,11:16
22,2026-01-23,11:34,Dad,Outgoing,12:54
22,2026-01-23,11:58,Neha,Outgoing,22:53
22,2026-01-23,14:50,Mom,Outgoing,03:42
22,2026-01-23,17:36,Neha,Incoming,04:39
22,2026-01-23,18:34,Meera,Outgoing,18:36
22,2026-01-23,19:17,Priya,Incoming,25:52
22,2026-01-23,22:12,Sister,Outgoing,05:43
22,2026-01-23,23:06,Boss,Incoming,00:45
22,2026-01-24,00:56,Rahul,Missed,00:00
22,2026-01-24,01:07,Office,Missed,00:00
22,2026-01-24,02:57,Karan,Outgoing,09:59
22,2026-01-24,04:05,Rahul,Incoming,03:04
22,2026-01-24,06:21,Boss,Incoming,11:13
22,2026-01-24,08:41,Karan,Incoming,15:01
22,2026-01-24,10:23,Karan,Incoming,00:51
22,2026-01-24,10:53,Rohan,Outgoing,07:52
22,2026-01-24,13:19,Aarav,Incoming,16:22
22,2026-01-24,13:29,Unknown,Outgoing,04:08
22,2026-01-24,15:33,Neha,Incoming,02:58
23,2026-01-24,08:49,Rohan,Outgoing,00:38
23,2026-01-24,11:49,Karan,Incoming,21:48
23,2026-01-24,14:01,Neha,Outgoing,23:19
23,2026-01-24,15:42,Unknown,Outgoing,21:04
23,2026-01-24,17:49,Neha,Incoming,16:38
23,2026-01-24,19:01,Rohan,Outgoing,10:13
23,2026-01-24,19:21,Aarav,Outgoing,19:36
23,2026-01-24,20:54,Karan,Missed,00:00
23,2026-01-24,23:30,Unknown,Outgoing,16:02
23,2026-01-25,00:53,Neha,Outgoing,09:46
23,2026-01-25,02:33,Ankit,Missed,00:00
23,2026-01-25,03:13,Sister,Outgoing,16:13
23,2026-01-25,05:39,Priya,Incoming,05:36
23,2026-01-25,08:17,Priya,Missed,00:00
23,2026-01-25,09:32,Sister,Outgoing,13:32
23,2026-01-25,10:44,Neha,Outgoing,06:21
23,2026-01-25,11:48,Meera,Outgoing,16:51
23,2026-01-25,13:09,Priya,Incoming,03:27
23,2026-01-25,14:44,Priya,Outgoing,24:28
23,2026-01-25,15:58,Meera,Outgoing,06:32
24,2026-01-25,08:12,Boss,Incoming,02:28
24,2026-01-25,08:38,Dad,Outgoing,17:16
24,2026-01-25,11:33,Meera,Incoming,12:12
24,2026-01-25,12:06,Ankit,Outgoing,07:52
24,2026-01-25,14:01,Meera,Outgoing,15:58
24,2026-01-25,16:18,Ankit,Outgoing,03:45
24,2026-01-25,17:25,Mom,Outgoing,12:18
24,2026-01-25,19:13,Priya,Incoming,11:35
24,2026-01-25,20:08,Office,Outgoing,19:33
24,2026-01-25,20:39,Mom,Incoming,17:30
24,2026-01-25,21:50,Dad,Incoming,09:56
24,2026-01-25,22:16,Meera,Outgoing,24:47
24,2026-01-25,23:45,Ankit,Outgoing,10:07
24,2026-01-26,00:05,Boss,Incoming,01:36
24,2026-01-26,03:05,Sister,Outgoing,25:34
24,2026-01-26,04:58,Sister,Missed,00:00
24,2026-01-26,05:54,Ankit,Missed,00:00
24,2026-01-26,07:44,Sister,Outgoing,05:36
24,2026-01-26,08:11,Office,Incoming,07:51
24,2026-01-26,10:10,Priya,Outgoing,22:40
25,2026-01-26,10:51,Ankit,Incoming,06:00
25,2026-01-26,13:14,Boss,Incoming,02:04
25,2026-01-26,14:02,Rahul,Outgoing,16:05
25,2026-01-26,16:55,Neha,Incoming,14:49
25,2026-01-26,19:16,Karan,Missed,00:00
25,2026-01-26,19:39,Office,Incoming,16:04
25,2026-01-26,20:27,Office,Incoming,22:21
25,2026-01-26,21:06,Mom,Incoming,08:44
25,2026-01-27,00:04,Dad,Incoming,14:12
25,2026-01-27,02:12,Boss,Outgoing,09:43
25,2026-01-27,04:32,Ankit,Incoming,25:53
25,2026-01-27,05:51,Unknown,Outgoing,23:41
25,2026-01-27,07:21,Neha,Outgoing,00:44
25,2026-01-27,08:53,Rohan,Outgoing,07:01
25,2026-01-27,09:23,Neha,Outgoing,24:22
25,2026-01-27,11:30,Priya,Incoming,16:44
25,2026-01-27,12:00,Aarav,Outgoing,20:45
25,2026-01-27,14:06,Rohan,Incoming,25:37
25,2026-01-27,16:31,Priya,Outgoing,07:55
25,2026-01-27,18:06,Sister,Incoming,01:35
26,2026-01-27,10:36,Meera,Outgoing,10:26
26,2026-01-27,13:13,Sister,Incoming,22:40
26,2026-01-27,13:38,Mom,Incoming,08:48
26,2026-01-27,15:06,Mom,Incoming,03:15
26,2026-01-27,16:26,Unknown,Outgoing,14:03
26,2026-01-27,16:42,Ankit,Outgoing,08:41
26,2026-01-27,17:26,Neha,Incoming,14:37
26,2026-01-27,18:37,Meera,Incoming,01:09
26,2026-01-27,20:44,Neha,Outgoing,14:16
26,2026-01-27,22:22,Ankit,Missed,00:00
26,2026-01-28,00:26,Office,Missed,00:00
26,2026-01-28,01:49,Office,Outgoing,12:56
26,2026-01-28,03:57,Rohan,Outgoing,02:58
26,2026-01-28,04:45,Sister,Incoming,19:33
26,2026-01-28,07:08,Meera,Outgoing,03:16
26,2026-01-28,07:18,Unknown,Incoming,08:31
26,2026-01-28,09:56,Sister,Incoming,00:20
26,2026-01-28,12:25,Ankit,Outgoing,18:08
26,2026-01-28,14:00,Aarav,Outgoing,19:10
26,2026-01-28,15:08,Rahul,Outgoing,20:56
27,2026-01-28,08:52,Meera,Incoming,20:03
27,2026-01-28,11:27,Mom,Outgoing,21:11
27,2026-01-28,12:15,Dad,Outgoing,08:11
27,2026-01-28,13:22,Unknown,Incoming,07:09
27,2026-01-28,13:54,Priya,Incoming,24:20
27,2026-01-28,15:50,Ankit,Incoming,17:46
27,2026-01-28,17:00,Neha,Incoming,12:15
27,2026-01-28,17:44,Unknown,Incoming,25:27
27,2026-01-28,20:43,Sister,Outgoing,16:45
27,2026-01-28,22:34,Boss,Incoming,08:02
27,2026-01-29,01:10,Ankit,Outgoing,18:34
27,2026-01-29,02:59,Rahul,Incoming,18:20
27,2026-01-29,05:40,Karan,Incoming,25:42
27,2026-01-29,06:37,Neha,Missed,00:00
27,2026-01-29,07:53,Aarav,Incoming,22:25
27,2026-01-29,09:22,Boss,Outgoing,00:08
27,2026-01-29,10:21,Ankit,Outgoing,14:52
27,2026-01-29,10:39,Meera,Outgoing,24:04
27,2026-01-29,11:53,Sister,Outgoing,21:53
27,2026-01-29,13:19,Sister,Incoming,02:38
28,2026-01-29,10:13,Boss,Incoming,24:35
28,2026-01-29,10:52,Rohan,Outgoing,06:09
28,2026-01-29,11:41,Rohan,Outgoing,03:29
28,2026-01-29,13:44,Rohan,Incoming,21:25
28,2026-01-29,14:42,Neha,Incoming,22:33
28,2026-01-29,17:24,Sister,Outgoing,20:50
28,2026-01-29,19:10,Priya,Incoming,25:57
28,2026-01-29,21:37,Rahul,Incoming,09:56
28,2026-01-30,00:17,Unknown,Outgoing,03:41
28,2026-01-30,00:38,Karan,Incoming,06:53
28,2026-01-30,03:28,Ankit,Outgoing,24:21
28,2026-01-30,04:09,Mom,Outgoing,20:44
28,2026-01-30,05:02,Meera,Incoming,22:52
28,2026-01-30,05:48,Sister,Outgoing,16:07
28,2026-01-30,08:17,Rahul,Outgoing,18:06
28,2026-01-30,09:51,Dad,Incoming,15:16
28,2026-01-30,12:38,Sister,Incoming,22:53
28,2026-01-30,14:53,Rahul,Incoming,10:41
28,2026-01-30,17:38,Neha,Outgoing,18:06
28,2026-01-30,19:17,Mom,Outgoing,18:47
29,2026-01-30,08:59,Priya,Incoming,21:05
29,2026-01-30,10:31,Rahul,Incoming,10:29
29,2026-01-30,10:47,Karan,Incoming,08:36
29,2026-01-30,13:41,Unknown,Outgoing,09:06
29,2026-01-30,14:30,Meera,Incoming,13:33
29,2026-01-30,17:26,Ankit,Outgoing,04:47
29,2026-01-30,19:25,Dad,Missed,00:00
29,2026-01-30,21:52,Sister,Incoming,09:31
29,2026-01-30,23:52,Meera,Outgoing,01:10
29,2026-01-31,01:13,Priya,Outgoing,09:26
29,2026-01-31,02:46,Rohan,Missed,00:00
29,2026-01-31,03:12,Unknown,Incoming,03:54
29,2026-01-31,03:31,Office,Outgoing,09:28
29,2026-01-31,04:38,Unknown,Outgoing,15:48
29,2026-01-31,06:10,Ankit,Outgoing,09:55
29,2026-01-31,07:48,Priya,Outgoing,00:49
29,2026-01-31,10:37,Rahul,Outgoing,24:13
29,2026-01-31,13:28,Ankit,Outgoing,07:35
29,2026-01-31,14:59,Mom,Outgoing,07:41
29,2026-01-31,16:59,Unknown,Incoming,15:16
30,2026-01-31,10:16,Rohan,Incoming,07:22
30,2026-01-31,11:13,Dad,Outgoing,08:54
30,2026-01-31,12:45,Boss,Outgoing,22:14
30,2026-01-31,13:20,Neha,Outgoing,09:58
30,2026-01-31,14:56,Rahul,Outgoing,17:27
30,2026-01-31,15:31,Mom,Incoming,15:00
30,2026-01-31,18:18,Rohan,Outgoing,21:37
30,2026-01-31,21:09,Boss,Outgoing,15:33
30,2026-01-31,23:52,Dad,Incoming,05:26
30,2026-02-01,02:40,Priya,Outgoing,06:53
30,2026-02-01,05:14,Office,Incoming,09:40
30,2026-02-01,05:24,Rahul,Incoming,09:40
30,2026-02-01,07:41,Rahul,Outgoing,10:41
30,2026-02-01,10:25,Unknown,Outgoing,09:46
30,2026-02-01,11:38,Rohan,Incoming,18:13
30,2026-02-01,12:02,Rohan,Outgoing,07:47
30,2026-02-01,12:32,Unknown,Outgoing,19:56
30,2026-02-01,14:43,Karan,Outgoing,08:51
30,2026-02-01,15:44,Sister,Incoming,04:28
30,2026-02-01,17:13,Sister,Incoming,09:17
31,2026-02-01,10:48,Dad,Outgoing,01:25
31,2026-02-01,13:33,Aarav,Missed,00:00
31,2026-02-01,14:51,Unknown,Incoming,12:40
31,2026-02-01,15:07,Rohan,Missed,00:00
31,2026-02-01,16:17,Unknown,Outgoing,02:43
31,2026-02-01,17:21,Dad,Incoming,12:45
31,2026-02-01,20:06,Unknown,Outgoing,18:47
31,2026-02-01,22:35,Rohan,Outgoing,08:51
31,2026-02-01,23:01,Office,Outgoing,06:21
31,2026-02-02,01:06,Karan,Incoming,00:18
31,2026-02-02,02:46,Neha,Incoming,17:53
31,2026-02-02,04:04,Dad,Incoming,15:32
31,2026-02-02,07:00,Mom,Incoming,12:09
31,2026-02-02,09:09,Aarav,Outgoing,25:55
31,2026-02-02,12:01,Priya,Outgoing,19:06
31,2026-02-02,14:11,Karan,Incoming,10:07
31,2026-02-02,17:06,Rohan,Incoming,12:47
31,2026-02-02,17:33,Meera,Missed,00:00
31,2026-02-02,18:06,Unknown,Outgoing,14:29
31,2026-02-02,20:08,Rahul,Missed,00:00
32,2026-02-02,10:09,Aarav,Incoming,05:04
32,2026-02-02,11:58,Rohan,Outgoing,18:47
32,2026-02-02,12:28,Aarav,Outgoing,08:46
32,2026-02-02,12:42,Mom,Incoming,03:19
32,2026-02-02,14:50,Priya,Outgoing,11:43
32,2026-02-02,15:46,Priya,Incoming,00:51
32,2026-02-02,16:54,Sister,Outgoing,25:22
32,2026-02-02,19:08,Meera,Incoming,09:59
32,2026-02-02,21:42,Dad,Outgoing,09:23
32,2026-02-02,21:59,Neha,Incoming,19:40
32,2026-02-02,23:06,Office,Incoming,23:57
32,2026-02-03,00:14,Office,Incoming,01:51
32,2026-02-03,01:34,Rohan,Outgoing,02:26
32,2026-02-03,04:11,Meera,Incoming,20:51
32,2026-02-03,04:31,Sister,Outgoing,20:59
32,2026-02-03,05:12,Dad,Incoming,02:24
32,2026-02-03,07:07,Karan,Outgoing,07:57
32,2026-02-03,08:49,Office,Outgoing,09:00
32,2026-02-03,09:22,Boss,Outgoing,20:58
32,2026-02-03,11:22,Priya,Outgoing,15:16
33,2026-02-03,09:32,Ankit,Outgoing,11:34
33,2026-02-03,11:59,Dad,Outgoing,17:45
33,2026-02-03,12:56,Office,Outgoing,19:59
33,2026-02-03,14:40,Priya,Outgoing,14:32
33,2026-02-03,16:36,Rohan,Incoming,04:59
33,2026-02-03,19:06,Ankit,Incoming,17:58
33,2026-02-03,21:03,Karan,Outgoing,03:24
33,2026-02-03,22:51,Mom,Outgoing,08:16
33,2026-02-04,00:03,Aarav,Outgoing,09:24
33,2026-02-04,02:47,Rahul,Incoming,10:14
33,2026-02-04,05:20,Rahul,Missed,00:00
33,2026-02-04,06:34,Boss,Incoming,25:48
33,2026-02-04,08:35,Unknown,Outgoing,17:27
33,2026-02-04,10:20,Sister,Missed,00:00
33,2026-02-04,10:35,Ankit,Outgoing,06:14
33,2026-02-04,11:07,Mom,Incoming,05:27
33,2026-02-04,13:17,Dad,Outgoing,03:46
33,2026-02-04,14:10,Priya,Incoming,14:38
33,2026-02-04,16:27,Mom,Incoming,16:43
33,2026-02-04,18:47,Rohan,Incoming,07:52
34,2026-02-04,08:45,Mom,Missed,00:00
34,2026-02-04,10:32,Rohan,Incoming,03:18
34,2026-02-04,10:58,Office,Outgoing,21:56
34,2026-02-04,11:43,Unknown,Outgoing,25:47
34,2026-02-04,12:01,Boss,Incoming,08:07
34,2026-02-04,13:32,Office,Incoming,08:20
34,2026-02-04,16:10,Karan,Incoming,18:02
34,2026-02-04,17:40,Boss,Incoming,23:30
34,2026-02-04,20:27,Aarav,Outgoing,10:32
34,2026-02-04,22:59,Mom,Outgoing,16:56
34,2026-02-05,01:27,Rahul,Missed,00:00
34,2026-02-05,02:34,Karan,Outgoing,24:02
34,2026-02-05,05:14,Neha,Incoming,01:58
34,2026-02-05,06:18,Office,Missed,00:00
34,2026-02-05,08:43,Ankit,Outgoing,12:38
34,2026-02-05,11:07,Dad,Incoming,14:15
34,2026-02-05,12:55,Dad,Outgoing,07:16
34,2026-02-05,13:39,Priya,Outgoing,02:28
34,2026-02-05,15:57,Unknown,Incoming,06:35
34,2026-02-05,18:48,Meera,Outgoing,12:48
35,2026-02-05,09:08,Meera,Incoming,00:11
35,2026-02-05,09:21,Rohan,Outgoing,24:25
35,2026-02-05,09:58,Aarav,Outgoing,16:28
35,2026-02-05,12:46,Ankit,Outgoing,12:06
35,2026-02-05,15:27,Boss,Incoming,06:43
35,2026-02-05,16:34,Rahul,Missed,00:00
35,2026-02-05,18:41,Dad,Incoming,14:07
35,2026-02-05,21:18,Mom,Incoming,03:25
35,2026-02-05,22:48,Boss,Incoming,01:02
35,2026-02-06,01:34,Priya,Outgoing,11:05
35,2026-02-06,04:19,Sister,Outgoing,02:29
35,2026-02-06,06:55,Sister,Outgoing,20:06
35,2026-02-06,08:12,Mom,Outgoing,08:22
35,2026-02-06,08:36,Meera,Outgoing,23:48
35,2026-02-06,10:30,Karan,Incoming,15:18
35,2026-02-06,12:25,Rahul,Incoming,01:13
35,2026-02-06,13:22,Neha,Outgoing,02:32
35,2026-02-06,14:28,Neha,Missed,00:00
35,2026-02-06,15:13,Boss,Missed,00:00
35,2026-02-06,15:42,Neha,Incoming,11:35
36,2026-02-06,08:59,Karan,Incoming,18:43
36,2026-02-06,11:46,Meera,Missed,00:00
36,2026-02-06,14:45,Mom,Incoming,14:01
36,2026-02-06,17:26,Office,Outgoing,07:56
36,2026-02-06,17:49,Meera,Incoming,22:39
36,2026-02-06,17:59,Unknown,Outgoing,21:13
36,2026-02-06,18:27,Sister,Incoming,12:59
36,2026-02-06,19:07,Priya,Incoming,21:53
36,2026-02-06,21:50,Unknown,Missed,00:00
36,2026-02-06,23:02,Unknown,Incoming,24:11
36,2026-02-07,01:51,Karan,Outgoing,10:44
36,2026-02-07,03:43,Meera,Incoming,04:25
36,2026-02-07,04:32,Rahul,Outgoing,15:34
36,2026-02-07,05:07,Neha,Missed,00:00
36,2026-02-07,05:49,Neha,Outgoing,02:31
36,2026-02-07,06:16,Aarav,Outgoing,06:15
36,2026-02-07,07:40,Rahul,Incoming,14:22
36,2026-02-07,10:06,Rahul,Incoming,15:32
36,2026-02-07,11:36,Karan,Incoming,16:08
36,2026-02-07,13:45,Karan,Incoming,10:59
37,2026-02-07,10:11,Mom,Incoming,16:36
37,2026-02-07,10:22,Rohan,Outgoing,01:45
37,2026-02-07,10:40,Sister,Outgoing,17:30
37,2026-02-07,11:52,Office,Outgoing,25:21
37,2026-02-07,13:01,Karan,Outgoing,18:40
37,2026-02-07,14:05,Ankit,Outgoing,03:11
37,2026-02-07,16:11,Aarav,Missed,00:00
37,2026-02-07,17:59,Boss,Incoming,15:54
37,2026-02-07,18:32,Dad,Incoming,01:48
37,2026-02-07,20:35,Dad,Incoming,16:29
37,2026-02-07,21:47,Unknown,Incoming,04:02
37,2026-02-07,23:31,Dad,Outgoing,17:51
37,2026-02-08,01:29,Mom,Incoming,07:13
37,2026-02-08,04:29,Meera,Outgoing,17:34
37,2026-02-08,06:50,Dad,Incoming,22:58
37,2026-02-08,09:00,Dad,Outgoing,14:03
37,2026-02-08,09:43,Boss,Outgoing,04:27
37,2026-02-08,12:02,Karan,Incoming,23:40
37,2026-02-08,12:37,Rahul,Incoming,01:52
37,2026-02-08,14:49,Meera,Outgoing,21:53
38,2026-02-08,08:20,Office,Missed,00:00
38,2026-02-08,10:01,Dad,Outgoing,16:25
38,2026-02-08,12:14,Unknown,Outgoing,25:13
38,2026-02-08,13:49,Priya,Missed,00:00
38,2026-02-08,14:42,Unknown,Incoming,11:20
38,2026-02-08,17:10,Dad,Outgoing,24:15
38,2026-02-08,18:13,Unknown,Outgoing,12:14
38,2026-02-08,19:48,Sister,Incoming,06:30
38,2026-02-08,21:43,Rahul,Missed,00:00
38,2026-02-08,23:38,Unknown,Incoming,06:21
38,2026-02-09,01:27,Sister,Missed,00:00
38,2026-02-09,03:50,Mom,Incoming,23:25
38,2026-02-09,05:11,Aarav,Incoming,06:20
38,2026-02-09,06:52,Meera,Incoming,21:09
38,2026-02-09,07:15,Meera,Outgoing,00:21
38,2026-02-09,09:28,Karan,Incoming,04:30
38,2026-02-09,09:58,Unknown,Outgoing,21:23
38,2026-02-09,11:11,Priya,Incoming,07:13
38,2026-02-09,12:55,Meera,Incoming,10:57
38,2026-02-09,15:37,Meera,Outgoing,03:44
39,2026-02-09,10:06,Priya,Incoming,09:44
39,2026-02-09,11:28,Ankit,Incoming,08:55
39,2026-02-09,11:51,Sister,Incoming,24:01
39,2026-02-09,12:15,Dad,Incoming,11:40
39,2026-02-09,12:43,Rohan,Incoming,11:55
39,2026-02-09,13:58,Office,Outgoing,20:43
39,2026-02-09,15:39,Office,Incoming,24:51
39,2026-02-09,16:16,Meera,Incoming,03:16
39,2026-02-09,16:53,Office,Outgoing,22:14
39,2026-02-09,18:18,Rohan,Outgoing,22:48
39,2026-02-09,19:17,Sister,Outgoing,13:57
39,2026-02-09,20:29,Aarav,Outgoing,11:26
39,2026-02-09,21:58,Neha,Incoming,10:36
39,2026-02-10,00:16,Priya,Outgoing,16:08
39,2026-02-10,00:28,Aarav,Incoming,10:53
39,2026-02-10,02:35,Mom,Incoming,20:25
39,2026-02-10,04:14,Ankit,Outgoing,09:22
39,2026-02-10,05:54,Aarav,Incoming,08:30
39,2026-02-10,08:42,Unknown,Incoming,11:38
39,2026-02-10,10:23,Sister,Incoming,14:31
40,2026-02-10,10:04,Mom,Outgoing,16:43
40,2026-02-10,10:29,Ankit,Outgoing,21:25
40,2026-02-10,10:46,Rohan,Outgoing,10:32
40,2026-02-10,12:35,Sister,Outgoing,18:58
40,2026-02-10,14:56,Rohan,Missed,00:00
40,2026-02-10,15:50,Unknown,Incoming,05:31
40,2026-02-10,17:51,Sister,Outgoing,06:03
40,2026-02-10,19:34,Meera,Incoming,22:41
40,2026-02-10,22:34,Sister,Missed,00:00
40,2026-02-11,01:01,Ankit,Incoming,04:55
40,2026-02-11,03:57,Priya,Incoming,05:24
40,2026-02-11,06:24,Rohan,Incoming,18:17
40,2026-02-11,08:17,Office,Incoming,23:56
40,2026-02-11,09:27,Rohan,Outgoing,11:06
40,2026-02-11,11:32,Neha,Outgoing,06:14
40,2026-02-11,13:37,Ankit,Incoming,12:16
40,2026-02-11,15:30,Aarav,Outgoing,12:36
40,2026-02-11,17:40,Rahul,Incoming,15:33
40,2026-02-11,20:09,Priya,Outgoing,25:47
40,2026-02-11,21:41,Rohan,Incoming,01:14
41,2026-02-11,09:07,Priya,Outgoing,16:40
41,2026-02-11,12:01,Sister,Outgoing,11:31
41,2026-02-11,12:43,Mom,Outgoing,24:49
41,2026-02-11,13:38,Meera,Outgoing,21:35
41,2026-02-11,16:01,Sister,Incoming,09:34
41,2026-02-11,16:43,Ankit,Outgoing,07:15
41,2026-02-11,19:41,Ankit,Outgoing,15:38
41,2026-02-11,21:16,Neha,Missed,00:00
41,2026-02-11,21:37,Karan,Incoming,24:37
41,2026-02-12,00:13,Rohan,Incoming,04:34
41,2026-02-12,00:37,Karan,Incoming,05:41
41,2026-02-12,00:50,Boss,Incoming,22:47
41,2026-02-12,01:52,Dad,Incoming,20:14
41,2026-02-12,04:04,Dad,Outgoing,07:20
41,2026-02-12,05:59,Neha,Incoming,23:51
41,2026-02-12,06:18,Mom,Outgoing,08:16
41,2026-02-12,09:15,Rahul,Incoming,16:08
41,2026-02-12,11:12,Rohan,Missed,00:00
41,2026-02-12,13:12,Mom,Outgoing,09:50
41,2026-02-12,14:55,Boss,Outgoing,11:51
42,2026-02-12,10:26,Rohan,Outgoing,00:08
42,2026-02-12,10:54,Rahul,Outgoing,24:31
42,2026-02-12,11:17,Meera,Incoming,21:20
42,2026-02-12,11:27,Unknown,Incoming,03:03
42,2026-02-12,13:07,Rahul,Incoming,12:27
42,2026-02-12,14:35,Office,Incoming,00:59
42,2026-02-12,16:22,Aarav,Outgoing,18:24
42,2026-02-12,16:43,Ankit,Outgoing,18:14
42,2026-02-12,17:34,Office,Outgoing,00:44
42,2026-02-12,20:26,Office,Outgoing,14:36
42,2026-02-12,23:13,Rohan,Outgoing,03:11
42,2026-02-13,00:26,Unknown,Incoming,03:51
42,2026-02-13,02:36,Rahul,Incoming,23:20
42,2026-02-13,05:20,Aarav,Missed,00:00
42,2026-02-13,07:38,Rohan,Outgoing,15:10
42,2026-02-13,10:27,Office,Outgoing,10:03
42,2026-02-13,10:46,Karan,Incoming,01:19
42,2026-02-13,12:00,Ankit,Outgoing,07:09
42,2026-02-13,12:40,Karan,Incoming,15:49
42,2026-02-13,14:48,Dad,Incoming,10:33
43,2026-02-13,08:41,Rahul,Outgoing,25:51
43,2026-02-13,10:23,Ankit,Incoming,11:00
43,2026-02-13,11:46,Aarav,Outgoing,03:38
43,2026-02-13,13:04,Unknown,Outgoing,20:57
43,2026-02-13,14:44,Priya,Missed,00:00
43,2026-02-13,17:28,Office,Incoming,16:09
43,2026-02-13,19:15,Unknown,Missed,00:00
43,2026-02-13,21:19,Ankit,Outgoing,03:16
43,2026-02-13,22:26,Rohan,Outgoing,10:22
43,2026-02-13,22:41,Aarav,Outgoing,19:02
43,2026-02-14,01:36,Mom,Outgoing,00:37
43,2026-02-14,03:36,Neha,Incoming,17:08
43,2026-02-14,05:33,Boss,Outgoing,25:16
43,2026-02-14,08:32,Mom,Outgoing,05:59
43,2026-02-14,10:19,Office,Outgoing,10:35
43,2026-02-14,11:10,Neha,Incoming,07:32
43,2026-02-14,11:24,Ankit,Incoming,14:10
43,2026-02-14,13:54,Priya,Incoming,23:47
43,2026-02-14,16:39,Neha,Outgoing,23:11
43,2026-02-14,17:35,Mom,Outgoing,00:55
44,2026-02-14,10:34,Meera,Outgoing,23:23
44,2026-02-14,11:45,Sister,Outgoing,18:11
44,2026-02-14,12:26,Karan,Outgoing,22:05
44,2026-02-14,13:15,Meera,Incoming,09:51
44,2026-02-14,16:12,Unknown,Outgoing,19:20
44,2026-02-14,17:42,Meera,Missed,00:00
44,2026-02-14,18:28,Rahul,Outgoing,01:03
44,2026-02-14,20:30,Karan,Incoming,24:16
44,2026-02-14,23:10,Karan,Missed,00:00
44,2026-02-14,23:35,Rohan,Outgoing,12:37
44,2026-02-15,01:43,Sister,Incoming,02:28
44,2026-02-15,03:13,Karan,Incoming,18:19
44,2026-02-15,03:23,Boss,Incoming,17:51
44,2026-02-15,04:49,Karan,Incoming,09:38
44,2026-02-15,06:25,Boss,Incoming,01:48
44,2026-02-15,07:25,Office,Outgoing,09:23
44,2026-02-15,07:39,Sister,Incoming,16:54
44,2026-02-15,09:04,Unknown,Missed,00:00
44,2026-02-15,09:50,Ankit,Missed,00:00
44,2026-02-15,12:10,Rahul,Outgoing,12:32
45,2026-02-15,10:12,Sister,Incoming,15:18
45,2026-02-15,12:06,Priya,Incoming,11:30
45,2026-02-15,13:25,Rohan,Outgoing,16:44
45,2026-02-15,13:42,Rohan,Incoming,20:07
45,2026-02-15,14:57,Mom,Outgoing,16:18
45,2026-02-15,15:42,Mom,Outgoing,05:02
45,2026-02-15,17:44,Office,Missed,00:00
45,2026-02-15,19:24,Unknown,Outgoing,11:23
45,2026-02-15,20:35,Meera,Outgoing,22:05
45,2026-02-15,23:02,Meera,Incoming,15:09
45,2026-02-15,23:22,Priya,Outgoing,16:48
45,2026-02-16,02:02,Rohan,Outgoing,21:31
45,2026-02-16,02:57,Mom,Missed,00:00
45,2026-02-16,03:57,Office,Incoming,16:49
45,2026-02-16,05:02,Rohan,Outgoing,05:59
45,2026-02-16,06:26,Priya,Incoming,21:14
45,2026-02-16,07:57,Unknown,Outgoing,14:27
45,2026-02-16,09:50,Priya,Incoming,11:16
45,2026-02-16,10:28,Meera,Outgoing,12:14
45,2026-02-16,11:38,Ankit,Incoming,12:48
46,2026-02-16,09:21,Rahul,Incoming,09:43
46,2026-02-16,11:02,Ankit,Outgoing,04:14
46,2026-02-16,12:40,Ankit,Incoming,16:50
46,2026-02-16,14:18,Karan,Outgoing,21:22
46,2026-02-16,15:39,Meera,Outgoing,11:16
46,2026-02-16,16:17,Mom,Incoming,17:35
46,2026-02-16,17:20,Sister,Incoming,18:19
46,2026-02-16,18:41,Dad,Incoming,17:31
46,2026-02-16,20:16,Neha,Incoming,20:10
46,2026-02-16,20:57,Meera,Outgoing,23:23
46,2026-02-16,23:57,Dad,Missed,00:00
46,2026-02-17,00:15,Office,Missed,00:00
46,2026-02-17,01:28,Neha,Outgoing,04:56
46,2026-02-17,02:54,Unknown,Missed,00:00
46,2026-02-17,05:29,Neha,Outgoing,11:52
46,2026-02-17,05:40,Rahul,Incoming,00:55
46,2026-02-17,06:57,Unknown,Incoming,21:20
46,2026-02-17,07:39,Meera,Outgoing,20:42
46,2026-02-17,10:09,Dad,Outgoing,20:28
46,2026-02-17,12:05,Neha,Outgoing,22:38
47,2026-02-17,10:08,Karan,Incoming,05:27
47,2026-02-17,12:55,Karan,Incoming,13:47
47,2026-02-17,13:56,Mom,Incoming,09:58
47,2026-02-17,14:22,Unknown,Missed,00:00
47,2026-02-17,16:08,Aarav,Incoming,01:14
47,2026-02-17,19:02,Neha,Outgoing,15:17
47,2026-02-17,21:26,Office,Incoming,13:04
47,2026-02-17,23:21,Ankit,Incoming,18:58
47,2026-02-18,01:53,Rohan,Outgoing,14:59
47,2026-02-18,04:49,Mom,Missed,00:00
47,2026-02-18,05:05,Rohan,Outgoing,23:56
47,2026-02-18,07:40,Neha,Outgoing,09:32
47,2026-02-18,10:14,Aarav,Incoming,16:15
47,2026-02-18,11:26,Mom,Incoming,17:35
47,2026-02-18,14:04,Unknown,Outgoing,15:11
47,2026-02-18,14:17,Dad,Outgoing,13:15
47,2026-02-18,15:13,Unknown,Incoming,06:38
47,2026-02-18,17:22,Dad,Missed,00:00
47,2026-02-18,18:33,Sister,Outgoing,20:12
47,2026-02-18,19:20,Ankit,Outgoing,08:13
48,2026-02-18,09:01,Boss,Outgoing,19:15
48,2026-02-18,11:36,Rahul,Incoming,11:29
48,2026-02-18,12:31,Sister,Incoming,08:27
48,2026-02-18,15:06,Meera,Outgoing,11:59
48,2026-02-18,18:03,Rohan,Outgoing,16:22
48,2026-02-18,20:38,Priya,Incoming,09:45
48,2026-02-18,20:55,Dad,Incoming,21:04
48,2026-02-18,23:30,Rahul,Incoming,20:45
48,2026-02-19,01:44,Mom,Incoming,12:03
48,2026-02-19,03:07,Priya,Incoming,01:29
48,2026-02-19,04:57,Unknown,Missed,00:00
48,2026-02-19,05:27,Dad,Incoming,08:27
48,2026-02-19,08:05,Mom,Outgoing,05:29
48,2026-02-19,11:01,Mom,Incoming,24:28
48,2026-02-19,12:40,Office,Outgoing,07:29
48,2026-02-19,14:09,Dad,Incoming,06:02
48,2026-02-19,15:51,Rahul,Outgoing,08:34
48,2026-02-19,18:04,Ankit,Outgoing,07:20
48,2026-02-19,18:30,Office,Outgoing,08:40
48,2026-02-19,20:16,Boss,Outgoing,22:23
49,2026-02-19,09:29,Sister,Outgoing,02:39
49,2026-02-19,10:48,Dad,Incoming,03:16
49,2026-02-19,11:18,Unknown,Outgoing,21:18
49,2026-02-19,13:51,Unknown,Outgoing,01:27
49,2026-02-19,15:50,Office,Outgoing,18:41
49,2026-02-19,18:45,Boss,Incoming,10:12
49,2026-02-19,18:56,Rohan,Outgoing,14:10
49,2026-02-19,20:29,Priya,Missed,00:00
49,2026-02-19,22:36,Aarav,Outgoing,11:48
49,2026-02-19,23:56,Boss,Outgoing,08:16
49,2026-02-20,01:41,Rahul,Incoming,05:35
49,2026-02-20,02:39,Dad,Incoming,03:03
49,2026-02-20,04:17,Neha,Missed,00:00
49,2026-02-20,06:14,Dad,Incoming,20:09
49,2026-02-20,08:26,Karan,Outgoing,11:30
49,2026-02-20,10:26,Sister,Incoming,06:08
49,2026-02-20,11:36,Meera,Outgoing,23:24
49,2026-02-20,12:27,Office,Outgoing,06:16
49,2026-02-20,14:16,Meera,Outgoing,10:16
49,2026-02-20,16:46,Priya,Outgoing,07:52
50,2026-02-20,08:10,Priya,Outgoing,10:26
50,2026-02-20,08:36,Mom,Incoming,04:44
50,2026-02-20,09:05,Aarav,Missed,00:00
50,2026-02-20,10:36,Meera,Outgoing,04:27
50,2026-02-20,12:53,Aarav,Missed,00:00
50,2026-02-20,15:01,Rohan,Missed,00:00
50,2026-02-20,18:01,Meera,Incoming,13:45
50,2026-02-20,19:51,Rohan,Outgoing,23:07
50,2026-02-20,22:13,Neha,Missed,00:00
50,2026-02-20,22:37,Office,Incoming,03:47
50,2026-02-20,23:14,Aarav,Outgoing,05:54
50,2026-02-20,23:24,Priya,Incoming,12:00
50,2026-02-21,02:00,Aarav,Missed,00:00
50,2026-02-21,02:52,Office,Outgoing,18:02
50,2026-02-21,05:49,Sister,Incoming,07:19
50,2026-02-21,08:22,Neha,Incoming,19:10
50,2026-02-21,09:47,Dad,Missed,00:00
50,2026-02-21,12:44,Karan,Incoming,24:03
50,2026-02-21,13:07,Karan,Incoming,04:25
50,2026-02-21,14:41,Neha,Outgoing,10:43
51,2026-02-21,10:57,Office,Outgoing,02:00
51,2026-02-21,12:51,Neha,Outgoing,13:56
51,2026-02-21,14:06,Rahul,Incoming,13:36
51,2026-02-21,14:44,Priya,Missed,00:00
51,2026-02-21,15:00,Unknown,Outgoing,03:20
51,2026-02-21,17:46,Mom,Incoming,23:31
51,2026-02-21,18:36,Aarav,Incoming,11:02
51,2026-02-21,20:22,Dad,Incoming,13:40
51,2026-02-21,22:52,Unknown,Outgoing,12:21
51,2026-02-21,23:30,Meera,Outgoing,19:50
51,2026-02-21,23:48,Ankit,Outgoing,13:04
51,2026-02-22,00:49,Rohan,Incoming,21:51
51,2026-02-22,03:07,Neha,Outgoing,16:09
51,2026-02-22,04:49,Meera,Outgoing,01:04
51,2026-02-22,05:26,Neha,Outgoing,14:44
51,2026-02-22,06:58,Mom,Missed,00:00
51,2026-02-22,09:13,Office,Incoming,25:51
51,2026-02-22,11:51,Sister,Incoming,18:30
51,2026-02-22,13:03,Dad,Missed,00:00
51,2026-02-22,13:50,Neha,Outgoing,14:52
52,2026-02-22,10:36,Unknown,Outgoing,05:00
52,2026-02-22,12:29,Sister,Outgoing,03:53
52,2026-02-22,12:41,Karan,Incoming,05:15
52,2026-02-22,13:58,Aarav,Missed,00:00
52,2026-02-22,16:44,Office,Outgoing,06:52
52,2026-02-22,17:04,Rohan,Incoming,12:47
52,2026-02-22,17:49,Mom,Incoming,01:21
52,2026-02-22,20:08,Aarav,Missed,00:00
52,2026-02-22,21:39,Meera,Outgoing,01:11
52,2026-02-22,23:16,Mom,Incoming,18:10
52,2026-02-23,01:47,Dad,Incoming,15:31
52,2026-02-23,03:33,Rahul,Incoming,12:48
52,2026-02-23,06:32,Priya,Incoming,00:21
52,2026-02-23,07:11,Rahul,Outgoing,17:28
52,2026-02-23,08:24,Rahul,Incoming,23:24
52,2026-02-23,10:58,Boss,Outgoing,20:13
52,2026-02-23,11:12,Priya,Missed,00:00
52,2026-02-23,13:00,Boss,Outgoing,02:19
52,2026-02-23,14:02,Meera,Outgoing,20:55
52,2026-02-23,14:38,Dad,Incoming,03:29
53,2026-02-23,09:46,Sister,Outgoing,18:39
53,2026-02-23,11:04,Meera,Outgoing,11:33
53,2026-02-23,12:22,Karan,Outgoing,23:00
53,2026-02-23,12:49,Rahul,Outgoing,14:34
53,2026-02-23,14:42,Aarav,Incoming,00:27
53,2026-02-23,17:19,Rahul,Outgoing,15:06
53,2026-02-23,18:22,Mom,Incoming,19:19
53,2026-02-23,19:36,Priya,Outgoing,13:36
53,2026-02-23,20:51,Karan,Outgoing,11:05
53,2026-02-23,22:23,Rohan,Incoming,05:21
53,2026-02-24,01:17,Unknown,Incoming,06:41
53,2026-02-24,01:49,Priya,Outgoing,15:58
53,2026-02-24,04:11,Sister,Incoming,24:16
53,2026-02-24,06:05,Unknown,Incoming,14:40
53,2026-02-24,06:43,Boss,Incoming,20:42
53,2026-02-24,09:05,Sister,Outgoing,24:54
53,2026-02-24,09:16,Priya,Incoming,25:38
53,2026-02-24,12:07,Mom,Incoming,10:06
53,2026-02-24,14:37,Rahul,Outgoing,19:28
53,2026-02-24,16:07,Unknown,Outgoing,24:38
54,2026-02-24,10:30,Neha,Outgoing,08:30
54,2026-02-24,13:30,Mom,Incoming,04:33
54,2026-02-24,15:29,Rohan,Incoming,08:37
54,2026-02-24,17:23,Priya,Incoming,03:49
54,2026-02-24,20:05,Mom,Outgoing,15:22
54,2026-02-24,22:45,Dad,Incoming,03:09
54,2026-02-25,00:49,Mom,Outgoing,11:36
54,2026-02-25,02:58,Karan,Outgoing,00:05
54,2026-02-25,05:05,Sister,Incoming,02:33
54,2026-02-25,06:10,Mom,Incoming,02:34
54,2026-02-25,08:18,Rohan,Missed,00:00
54,2026-02-25,08:57,Unknown,Outgoing,18:57
54,2026-02-25,11:11,Dad,Outgoing,05:57
54,2026-02-25,13:41,Karan,Incoming,00:45
54,2026-02-25,15:42,Meera,Incoming,18:27
54,2026-02-25,16:36,Rohan,Outgoing,10:04
54,2026-02-25,16:57,Office,Outgoing,09:15
54,2026-02-25,19:37,Meera,Missed,00:00
54,2026-02-25,21:01,Dad,Outgoing,24:31
54,2026-02-25,21:49,Rohan,Incoming,14:34
55,2026-02-25,10:34,Neha,Outgoing,04:24
55,2026-02-25,13:34,Neha,Incoming,24:22
55,2026-02-25,16:07,Karan,Outgoing,19:38
55,2026-02-25,17:35,Mom,Incoming,17:45
55,2026-02-25,19:28,Priya,Incoming,18:27
55,2026-02-25,21:34,Meera,Incoming,23:05
55,2026-02-25,22:54,Karan,Incoming,17:12
55,2026-02-25,23:27,Rohan,Incoming,19:13
55,2026-02-26,01:48,Dad,Outgoing,11:14
55,2026-02-26,03:48,Priya,Missed,00:00
55,2026-02-26,05:06,Ankit,Incoming,09:25
55,2026-02-26,06:09,Boss,Missed,00:00
55,2026-02-26,06:31,Rahul,Incoming,19:28
55,2026-02-26,08:22,Boss,Incoming,22:39
55,2026-02-26,10:26,Office,Incoming,20:12
55,2026-02-26,11:51,Office,Outgoing,03:38
55,2026-02-26,13:03,Boss,Incoming,21:08
55,2026-02-26,15:21,Ankit,Outgoing,16:50
55,2026-02-26,16:12,Unknown,Incoming,25:41
55,2026-02-26,16:42,Priya,Incoming,18:29
56,2026-02-26,08:23,Ankit,Outgoing,22:09
56,2026-02-26,11:23,Neha,Incoming,25:22
56,2026-02-26,12:57,Rahul,Incoming,20:22
56,2026-02-26,15:50,Dad,Outgoing,25:12
56,2026-02-26,18:13,Unknown,Missed,00:00
56,2026-02-26,19:46,Rahul,Outgoing,05:13
56,2026-02-26,22:21,Priya,Outgoing,03:49
56,2026-02-27,00:03,Ankit,Outgoing,25:08
56,2026-02-27,01:24,Mom,Incoming,02:41
56,2026-02-27,02:49,Aarav,Outgoing,06:46
56,2026-02-27,04:25,Unknown,Incoming,04:09
56,2026-02-27,07:12,Aarav,Missed,00:00
56,2026-02-27,08:33,Karan,Missed,00:00
56,2026-02-27,08:44,Office,Outgoing,00:12
56,2026-02-27,09:51,Sister,Incoming,10:23
56,2026-02-27,10:19,Neha,Missed,00:00
56,2026-02-27,11:34,Meera,Incoming,09:58
56,2026-02-27,12:51,Unknown,Incoming,24:08
56,2026-02-27,14:39,Neha,Incoming,12:36
56,2026-02-27,15:57,Aarav,Incoming,06:56
57,2026-02-27,09:49,Karan,Outgoing,06:59
57,2026-02-27,12:17,Rahul,Outgoing,08:32
57,2026-02-27,13:04,Sister,Incoming,14:58
57,2026-02-27,16:04,Ankit,Incoming,02:44
57,2026-02-27,18:31,Aarav,Outgoing,23:42
57,2026-02-27,19:13,Ankit,Outgoing,15:01
57,2026-02-27,19:40,Ankit,Outgoing,04:44
57,2026-02-27,21:31,Boss,Incoming,10:37
57,2026-02-28,00:01,Sister,Incoming,06:06
57,2026-02-28,01:59,Priya,Outgoing,13:00
57,2026-02-28,02:23,Unknown,Outgoing,03:06
57,2026-02-28,05:15,Dad,Incoming,03:14
57,2026-02-28,06:57,Meera,Incoming,06:02
57,2026-02-28,07:52,Sister,Incoming,23:03
57,2026-02-28,08:41,Karan,Missed,00:00
57,2026-02-28,11:28,Boss,Incoming,16:12
57,2026-02-28,12:42,Meera,Missed,00:00
57,2026-02-28,13:19,Ankit,Outgoing,20:57
57,2026-02-28,14:41,Meera,Outgoing,16:44
57,2026-02-28,15:32,Aarav,Incoming,10:04
58,2026-02-28,10:39,Rahul,Incoming,02:47
58,2026-02-28,11:09,Office,Outgoing,10:47
58,2026-02-28,12:05,Dad,Missed,00:00
58,2026-02-28,14:06,Unknown,Incoming,16:21
58,2026-02-28,15:07,Neha,Outgoing,14:08
58,2026-02-28,16:01,Dad,Incoming,16:05
58,2026-02-28,16:22,Unknown,Incoming,21:03
58,2026-02-28,18:06,Office,Incoming,00:32
58,2026-02-28,19:51,Sister,Incoming,13:37
58,2026-02-28,21:47,Unknown,Outgoing,15:19
58,2026-02-28,23:57,Meera,Incoming,08:48
58,2026-03-01,02:20,Mom,Incoming,24:15
58,2026-03-01,04:52,Boss,Incoming,00:17
58,2026-03-01,05:40,Neha,Incoming,12:50
58,2026-03-01,06:54,Unknown,Incoming,25:01
58,2026-03-01,09:09,Karan,Missed,00:00
58,2026-03-01,11:54,Ankit,Missed,00:00
58,2026-03-01,14:09,Aarav,Incoming,00:30
58,2026-03-01,16:54,Dad,Outgoing,03:14
58,2026-03-01,18:35,Dad,Incoming,15:58
59,2026-03-01,09:22,Rahul,Incoming,00:55
59,2026-03-01,11:57,Priya,Outgoing,07:08
59,2026-03-01,14:37,Meera,Outgoing,00:38
59,2026-03-01,15:56,Mom,Outgoing,21:09
59,2026-03-01,17:12,Priya,Outgoing,05:50
59,2026-03-01,20:10,Aarav,Outgoing,10:26
59,2026-03-01,22:58,Priya,Incoming,05:34
59,2026-03-02,01:44,Ankit,Outgoing,13:46
59,2026-03-02,02:07,Ankit,Outgoing,17:48
59,2026-03-02,03:52,Ankit,Incoming,15:47
59,2026-03-02,06:43,Sister,Missed,00:00
59,2026-03-02,07:21,Sister,Outgoing,18:44
59,2026-03-02,09:52,Rohan,Incoming,07:36
59,2026-03-02,11:21,Dad,Incoming,22:36
59,2026-03-02,13:31,Dad,Incoming,22:47
59,2026-03-02,14:23,Priya,Outgoing,01:32
59,2026-03-02,15:11,Boss,Missed,00:00
59,2026-03-02,16:06,Karan,Incoming,09:21
59,2026-03-02,17:10,Rohan,Incoming,11:52
59,2026-03-02,17:59,Ankit,Outgoing,14:37
60,2026-03-02,08:31,Mom,Incoming,02:48
60,2026-03-02,11:07,Unknown,Outgoing,13:44
60,2026-03-02,12:45,Rahul,Incoming,19:06
60,2026-03-02,14:56,Mom,Missed,00:00
60,2026-03-02,17:45,Office,Incoming,09:34
60,2026-03-02,20:42,Sister,Outgoing,14:52
60,2026-03-02,21:27,Office,Incoming,23:18
60,2026-03-02,22:56,Sister,Incoming,20:43
60,2026-03-03,00:21,Unknown,Incoming,18:34
60,2026-03-03,03:19,Aarav,Incoming,14:51
60,2026-03-03,03:42,Sister,Outgoing,09:28
60,2026-03-03,04:22,Boss,Incoming,24:59
60,2026-03-03,05:33,Rahul,Outgoing,22:38
60,2026-03-03,07:49,Neha,Missed,00:00
60,2026-03-03,10:09,Rohan,Outgoing,07:54
60,2026-03-03,12:46,Mom,Incoming,19:37
60,2026-03-03,13:44,Rahul,Incoming,09:59
60,2026-03-03,15:54,Priya,Incoming,22:56
60,2026-03-03,17:28,Neha,Missed,00:00
60,2026-03-03,19:02,Boss,Incoming,03:51
61,2026-03-03,09:06,Aarav,Incoming,00:17
61,2026-03-03,10:48,Neha,Outgoing,06:47
61,2026-03-03,13:14,Office,Missed,00:00
61,2026-03-03,13:53,Karan,Outgoing,12:54
61,2026-03-03,16:17,Unknown,Outgoing,24:58
61,2026-03-03,18:54,Ankit,Incoming,14:58
61,2026-03-03,20:12,Rohan,Outgoing,20:46
61,2026-03-03,21:26,Office,Missed,00:00
61,2026-03-03,23:22,Aarav,Missed,00:00
61,2026-03-04,01:11,Sister,Outgoing,17:24
61,2026-03-04,02:02,Neha,Incoming,23:22
61,2026-03-04,03:30,Neha,Outgoing,06:41
61,2026-03-04,04:20,Rahul,Incoming,14:26
61,2026-03-04,06:05,Karan,Incoming,11:26
61,2026-03-04,07:38,Boss,Incoming,00:04
61,2026-03-04,10:03,Priya,Incoming,22:28
61,2026-03-04,12:55,Dad,Incoming,23:19
61,2026-03-04,13:40,Meera,Incoming,02:44
61,2026-03-04,15:40,Priya,Outgoing,07:03
61,2026-03-04,16:14,Rohan,Incoming,21:29
62,2026-03-04,08:52,Sister,Outgoing,00:11
62,2026-03-04,11:17,Office,Outgoing,18:13
62,2026-03-04,11:48,Office,Incoming,17:48
62,2026-03-04,14:44,Unknown,Incoming,10:19
62,2026-03-04,17:16,Ankit,Incoming,19:20
62,2026-03-04,18:23,Mom,Incoming,19:15
62,2026-03-04,20:45,Office,Incoming,15:49
62,2026-03-04,23:11,Office,Outgoing,00:22
62,2026-03-05,00:07,Mom,Incoming,11:26
62,2026-03-05,03:04,Ankit,Outgoing,25:21
62,2026-03-05,05:14,Karan,Incoming,08:13
62,2026-03-05,06:20,Unknown,Outgoing,01:30
62,2026-03-05,07:54,Sister,Outgoing,10:50
62,2026-03-05,10:18,Rahul,Outgoing,15:31
62,2026-03-05,12:31,Sister,Incoming,09:21
62,2026-03-05,13:49,Karan,Outgoing,00:23
62,2026-03-05,16:47,Rahul,Outgoing,17:36
62,2026-03-05,18:34,Aarav,Outgoing,21:48
62,2026-03-05,21:01,Ankit,Outgoing,06:48
62,2026-03-05,21:50,Rohan,Outgoing,02:28
63,2026-03-05,10:14,Unknown,Incoming,00:53
63,2026-03-05,10:58,Meera,Incoming,10:25
63,2026-03-05,12:03,Neha,Missed,00:00
63,2026-03-05,14:59,Karan,Incoming,12:56
63,2026-03-05,17:06,Office,Missed,00:00
63,2026-03-05,19:00,Mom,Incoming,09:13
63,2026-03-05,21:13,Dad,Outgoing,15:34
63,2026-03-06,00:05,Rahul,Missed,00:00
63,2026-03-06,02:39,Dad,Outgoing,09:15
63,2026-03-06,03:50,Rahul,Outgoing,24:23
63,2026-03-06,05:20,Rahul,Incoming,09:14
63,2026-03-06,07:54,Ankit,Outgoing,18:48
63,2026-03-06,10:26,Dad,Missed,00:00
63,2026-03-06,12:21,Boss,Missed,00:00
63,2026-03-06,14:45,Rohan,Outgoing,15:44
63,2026-03-06,16:58,Boss,Outgoing,00:40
63,2026-03-06,17:43,Sister,Incoming,05:22
63,2026-03-06,18:10,Sister,Incoming,12:43
63,2026-03-06,19:42,Meera,Outgoing,10:01
63,2026-03-06,21:05,Rohan,Missed,00:00
64,2026-03-06,10:47,Priya,Incoming,05:43
64,2026-03-06,12:13,Unknown,Incoming,10:57
64,2026-03-06,14:52,Boss,Incoming,02:25
64,2026-03-06,15:20,Ankit,Outgoing,10:46
64,2026-03-06,16:39,Priya,Outgoing,19:58
64,2026-03-06,19:04,Karan,Outgoing,22:36
64,2026-03-06,21:09,Sister,Outgoing,06:06
64,2026-03-06,23:32,Sister,Incoming,00:36
64,2026-03-07,01:39,Rahul,Outgoing,05:47
64,2026-03-07,03:40,Unknown,Outgoing,16:23
64,2026-03-07,05:20,Priya,Outgoing,06:47
64,2026-03-07,08:18,Rahul,Incoming,03:34
64,2026-03-07,08:39,Office,Outgoing,25:01
64,2026-03-07,09:06,Mom,Outgoing,12:17
64,2026-03-07,11:23,Mom,Incoming,08:53
64,2026-03-07,13:30,Dad,Missed,00:00
64,2026-03-07,15:08,Dad,Outgoing,20:07
64,2026-03-07,17:38,Karan,Outgoing,09:18
64,2026-03-07,18:10,Mom,Outgoing,05:39
64,2026-03-07,18:40,Rohan,Incoming,11:47
65,2026-03-07,08:48,Priya,Outgoing,13:15
65,2026-03-07,09:17,Aarav,Incoming,09:36
65,2026-03-07,11:53,Meera,Missed,00:00
65,2026-03-07,13:36,Unknown,Incoming,05:47
65,2026-03-07,16:14,Boss,Outgoing,13:19
65,2026-03-07,18:12,Neha,Incoming,17:34
65,2026-03-07,20:54,Sister,Outgoing,14:05
65,2026-03-07,23:14,Sister,Outgoing,18:31
65,2026-03-08,01:40,Ankit,Outgoing,25:09
65,2026-03-08,02:43,Office,Outgoing,23:35
65,2026-03-08,03:51,Meera,Incoming,04:08
65,2026-03-08,04:50,Rahul,Incoming,10:39
65,2026-03-08,05:16,Ankit,Outgoing,23:45
65,2026-03-08,06:06,Dad,Incoming,19:39
65,2026-03-08,09:00,Priya,Outgoing,25:25
65,2026-03-08,11:33,Rohan,Incoming,01:35
65,2026-03-08,13:43,Karan,Outgoing,12:06
65,2026-03-08,15:40,Rohan,Missed,00:00
65,2026-03-08,16:36,Karan,Missed,00:00
65,2026-03-08,18:29,Neha,Incoming,13:18
66,2026-03-08,08:59,Rohan,Incoming,07:27
66,2026-03-08,09:52,Neha,Incoming,25:10
66,2026-03-08,10:38,Aarav,Incoming,24:02
66,2026-03-08,10:48,Rahul,Incoming,14:09
66,2026-03-08,11:31,Rahul,Outgoing,23:06
66,2026-03-08,12:37,Boss,Outgoing,00:00
66,2026-03-08,13:30,Boss,Outgoing,25:27
66,2026-03-08,14:32,Unknown,Incoming,03:25
66,2026-03-08,15:25,Mom,Outgoing,01:15
66,2026-03-08,16:45,Meera,Incoming,14:08
66,2026-03-08,17:47,Meera,Incoming,07:04
66,2026-03-08,20:09,Karan,Outgoing,25:37
66,2026-03-08,22:47,Rohan,Outgoing,02:15
66,2026-03-09,01:38,Rohan,Incoming,13:11
66,2026-03-09,02:58,Sister,Outgoing,02:18
66,2026-03-09,03:16,Rahul,Incoming,17:00
66,2026-03-09,03:40,Meera,Outgoing,21:53
66,2026-03-09,05:30,Meera,Incoming,23:53
66,2026-03-09,07:53,Dad,Incoming,16:52
66,2026-03-09,09:04,Meera,Incoming,03:49
67,2026-03-09,08:40,Sister,Outgoing,20:25
67,2026-03-09,09:22,Aarav,Outgoing,15:04
67,2026-03-09,12:10,Sister,Missed,00:00
67,2026-03-09,13:18,Rohan,Missed,00:00
67,2026-03-09,15:09,Mom,Incoming,24:39
67,2026-03-09,18:07,Office,Missed,00:00
67,2026-03-09,19:42,Aarav,Incoming,11:58
67,2026-03-09,20:52,Ankit,Incoming,01:49
67,2026-03-09,22:50,Aarav,Incoming,06:20
67,2026-03-09,23:12,Rahul,Outgoing,04:15
67,2026-03-10,00:59,Neha,Outgoing,17:29
67,2026-03-10,01:50,Karan,Outgoing,11:05
67,2026-03-10,02:01,Neha,Outgoing,03:14
67,2026-03-10,02:14,Office,Incoming,18:02
67,2026-03-10,03:34,Aarav,Outgoing,10:56
67,2026-03-10,05:47,Neha,Incoming,19:03
67,2026-03-10,08:13,Mom,Missed,00:00
67,2026-03-10,08:24,Aarav,Incoming,14:57
67,2026-03-10,11:14,Karan,Incoming,23:20
67,2026-03-10,12:36,Mom,Outgoing,14:44
68,2026-03-10,09:49,Rahul,Incoming,06:18
68,2026-03-10,11:01,Karan,Incoming,06:33
68,2026-03-10,12:24,Boss,Outgoing,21:39
68,2026-03-10,15:00,Office,Outgoing,02:54
68,2026-03-10,17:43,Boss,Outgoing,23:41
68,2026-03-10,18:11,Mom,Incoming,14:54
68,2026-03-10,20:49,Aarav,Outgoing,04:02
68,2026-03-10,22:15,Unknown,Outgoing,00:01
68,2026-03-11,00:05,Karan,Incoming,02:52
68,2026-03-11,03:01,Aarav,Outgoing,03:48
68,2026-03-11,05:58,Office,Incoming,21:11
68,2026-03-11,06:56,Rahul,Missed,00:00
68,2026-03-11,07:55,Dad,Incoming,01:47
68,2026-03-11,09:14,Priya,Incoming,08:36
68,2026-03-11,11:02,Priya,Incoming,01:10
68,2026-03-11,13:50,Rohan,Incoming,18:10
68,2026-03-11,14:36,Unknown,Incoming,10:59
68,2026-03-11,16:29,Meera,Incoming,08:46
68,2026-03-11,18:11,Boss,Missed,00:00
68,2026-03-11,19:42,Boss,Incoming,10:26
69,2026-03-11,08:50,Meera,Outgoing,04:09
69,2026-03-11,10:47,Office,Outgoing,15:23
69,2026-03-11,12:43,Dad,Outgoing,21:48
69,2026-03-11,15:18,Rohan,Incoming,19:35
69,2026-03-11,17:18,Office,Outgoing,04:43
69,2026-03-11,19:24,Aarav,Outgoing,01:57
69,2026-03-11,20:43,Dad,Outgoing,14:19
69,2026-03-11,23:41,Boss,Outgoing,17:38
69,2026-03-12,02:40,Karan,Incoming,06:14
69,2026-03-12,02:57,Ankit,Incoming,09:08
69,2026-03-12,04:24,Priya,Incoming,07:53
69,2026-03-12,05:58,Ankit,Incoming,00:55
69,2026-03-12,06:48,Mom,Outgoing,18:40
69,2026-03-12,07:00,Office,Outgoing,25:42
69,2026-03-12,08:59,Mom,Incoming,07:22
69,2026-03-12,09:31,Office,Incoming,12:35
69,2026-03-12,11:06,Rohan,Outgoing,24:47
69,2026-03-12,13:26,Ankit,Incoming,21:26
69,2026-03-12,13:38,Neha,Outgoing,17:34
69,2026-03-12,15:39,Mom,Outgoing,11:34
70,2026-03-12,10:19,Boss,Incoming,01:16
70,2026-03-12,11:29,Neha,Outgoing,11:10
70,2026-03-12,13:08,Meera,Incoming,09:21
70,2026-03-12,15:36,Mom,Incoming,02:27
70,2026-03-12,16:23,Dad,Outgoing,17:23
70,2026-03-12,18:34,Priya,Incoming,09:52
70,2026-03-12,20:19,Meera,Incoming,22:31
70,2026-03-12,23:05,Karan,Incoming,16:38
70,2026-03-13,00:26,Sister,Missed,00:00
70,2026-03-13,00:41,Aarav,Incoming,00:42
70,2026-03-13,01:37,Unknown,Incoming,05:15
70,2026-03-13,02:00,Boss,Outgoing,20:08
70,2026-03-13,04:11,Rohan,Outgoing,05:01
70,2026-03-13,06:10,Ankit,Outgoing,00:09
70,2026-03-13,06:41,Priya,Incoming,09:48
70,2026-03-13,08:23,Rohan,Missed,00:00
70,2026-03-13,10:01,Aarav,Outgoing,05:05
70,2026-03-13,10:48,Rahul,Incoming,07:15
70,2026-03-13,13:44,Rohan,Missed,00:00
70,2026-03-13,14:15,Office,Outgoing,03:37
71,2026-03-13,09:10,Boss,Incoming,04:56
71,2026-03-13,09:46,Boss,Incoming,09:58
71,2026-03-13,11:31,Mom,Outgoing,09:58
71,2026-03-13,14:25,Ankit,Outgoing,18:09
71,2026-03-13,14:35,Unknown,Missed,00:00
71,2026-03-13,17:00,Dad,Missed,00:00
71,2026-03-13,19:20,Meera,Incoming,09:32
71,2026-03-13,20:54,Ankit,Missed,00:00
71,2026-03-13,21:23,Ankit,Incoming,09:03
71,2026-03-13,22:56,Priya,Incoming,17:41
71,2026-03-14,00:01,Ankit,Incoming,20:36
71,2026-03-14,01:00,Sister,Outgoing,14:25
71,2026-03-14,02:47,Karan,Outgoing,05:40
71,2026-03-14,04:02,Meera,Incoming,01:31
71,2026-03-14,04:48,Karan,Outgoing,04:33
71,2026-03-14,07:03,Office,Incoming,10:37
71,2026-03-14,10:00,Neha,Outgoing,16:53
71,2026-03-14,11:39,Mom,Outgoing,17:05
71,2026-03-14,12:54,Neha,Incoming,11:16
71,2026-03-14,15:28,Karan,Outgoing,07:05
72,2026-03-14,09:14,Sister,Incoming,20:40
72,2026-03-14,10:12,Unknown,Incoming,21:01
72,2026-03-14,11:55,Priya,Incoming,21:40
72,2026-03-14,13:25,Rahul,Incoming,20:51
72,2026-03-14,14:23,Aarav,Incoming,22:31
72,2026-03-14,16:39,Rohan,Outgoing,14:29
72,2026-03-14,17:20,Aarav,Outgoing,25:15
72,2026-03-14,19:19,Sister,Incoming,16:06
72,2026-03-14,20:40,Priya,Incoming,13:55
72,2026-03-14,22:53,Mom,Missed,00:00
72,2026-03-15,00:20,Sister,Incoming,09:09
72,2026-03-15,01:48,Dad,Incoming,22:18
72,2026-03-15,04:23,Priya,Incoming,08:12
72,2026-03-15,04:49,Aarav,Outgoing,19:34
72,2026-03-15,06:36,Meera,Missed,00:00
72,2026-03-15,08:49,Meera,Outgoing,04:55
72,2026-03-15,09:40,Neha,Outgoing,10:17
72,2026-03-15,10:31,Aarav,Outgoing,16:07
72,2026-03-15,12:08,Rahul,Missed,00:00
72,2026-03-15,13:08,Rohan,Incoming,12:57
73,2026-03-15,08:20,Karan,Outgoing,21:34
73,2026-03-15,10:13,Aarav,Outgoing,14:52
73,2026-03-15,13:07,Neha,Incoming,11:29
73,2026-03-15,15:25,Mom,Missed,00:00
73,2026-03-15,15:43,Meera,Outgoing,15:22
73,2026-03-15,16:06,Rahul,Outgoing,02:30
73,2026-03-15,19:06,Mom,Outgoing,18:35
73,2026-03-15,20:00,Boss,Outgoing,09:34
73,2026-03-15,21:10,Rahul,Outgoing,05:43
73,2026-03-15,23:33,Neha,Missed,00:00
73,2026-03-16,01:17,Karan,Incoming,00:02
73,2026-03-16,03:18,Aarav,Outgoing,17:54
73,2026-03-16,05:13,Boss,Incoming,07:17
73,2026-03-16,06:46,Dad,Incoming,10:34
73,2026-03-16,07:17,Unknown,Incoming,02:00
73,2026-03-16,08:13,Aarav,Missed,00:00
73,2026-03-16,09:36,Rohan,Incoming,12:54
73,2026-03-16,10:50,Dad,Incoming,00:20
73,2026-03-16,11:15,Boss,Incoming,24:35
73,2026-03-16,12:12,Unknown,Incoming,03:51
74,2026-03-16,09:20,Sister,Outgoing,00:16
74,2026-03-16,11:09,Ankit,Outgoing,01:26
74,2026-03-16,11:48,Unknown,Incoming,04:29
74,2026-03-16,12:39,Rahul,Outgoing,10:29
74,2026-03-16,14:48,Dad,Outgoing,06:13
74,2026-03-16,15:21,Unknown,Missed,00:00
74,2026-03-16,16:26,Dad,Incoming,04:56
74,2026-03-16,17:41,Sister,Incoming,13:37
74,2026-03-16,20:00,Ankit,Outgoing,19:46
74,2026-03-16,22:36,Neha,Incoming,04:49
74,2026-03-17,01:19,Ankit,Incoming,11:44
74,2026-03-17,01:40,Unknown,Outgoing,20:12
74,2026-03-17,02:50,Dad,Outgoing,01:52
74,2026-03-17,04:07,Ankit,Incoming,04:03
74,2026-03-17,06:34,Rohan,Incoming,07:14
74,2026-03-17,08:20,Dad,Outgoing,25:53
74,2026-03-17,11:17,Priya,Outgoing,17:13
74,2026-03-17,13:21,Karan,Outgoing,14:20
74,2026-03-17,14:50,Ankit,Incoming,21:27
74,2026-03-17,16:56,Aarav,Outgoing,17:51
75,2026-03-17,08:57,Rahul,Incoming,22:44
75,2026-03-17,11:12,Mom,Missed,00:00
75,2026-03-17,11:54,Boss,Outgoing,00:34
75,2026-03-17,13:35,Aarav,Outgoing,20:11
75,2026-03-17,15:39,Office,Outgoing,07:22
75,2026-03-17,16:34,Mom,Outgoing,24:04
75,2026-03-17,17:51,Boss,Outgoing,23:02
75,2026-03-17,20:43,Aarav,Outgoing,18:57
75,2026-03-17,21:18,Office,Incoming,18:07
75,2026-03-17,22:48,Rohan,Incoming,00:20
75,2026-03-17,23:29,Boss,Outgoing,20:51
75,2026-03-18,00:44,Office,Outgoing,02:05
75,2026-03-18,02:24,Rahul,Incoming,17:56
75,2026-03-18,03:16,Ankit,Incoming,10:32
75,2026-03-18,06:10,Unknown,Outgoing,22:42
75,2026-03-18,06:27,Neha,Outgoing,19:46
75,2026-03-18,09:16,Meera,Missed,00:00
75,2026-03-18,11:39,Karan,Outgoing,00:34
75,2026-03-18,13:48,Ankit,Incoming,02:29
75,2026-03-18,14:42,Priya,Outgoing,23:47
76,2026-03-18,09:46,Unknown,Outgoing,00:15
76,2026-03-18,10:58,Rohan,Incoming,01:20
76,2026-03-18,12:50,Office,Outgoing,13:06
76,2026-03-18,14:00,Aarav,Incoming,04:05
76,2026-03-18,16:47,Priya,Missed,00:00
76,2026-03-18,18:14,Boss,Incoming,13:10
76,2026-03-18,19:49,Priya,Incoming,21:06
76,2026-03-18,21:29,Boss,Outgoing,17:28
76,2026-03-18,23:56,Dad,Outgoing,17:23
76,2026-03-19,00:26,Dad,Incoming,12:56
76,2026-03-19,03:16,Sister,Incoming,16:00
76,2026-03-19,04:45,Ankit,Incoming,20:19
76,2026-03-19,06:10,Priya,Outgoing,12:38
76,2026-03-19,07:04,Priya,Incoming,19:44
76,2026-03-19,09:15,Sister,Incoming,24:41
76,2026-03-19,12:10,Karan,Outgoing,06:27
76,2026-03-19,12:37,Rahul,Incoming,14:45
76,2026-03-19,14:02,Aarav,Missed,00:00
76,2026-03-19,16:13,Priya,Outgoing,25:15
76,2026-03-19,16:27,Boss,Incoming,20:25
77,2026-03-19,09:10,Boss,Outgoing,08:12
77,2026-03-19,10:37,Meera,Incoming,14:27
77,2026-03-19,12:28,Meera,Outgoing,21:31
77,2026-03-19,14:29,Office,Incoming,15:52
77,2026-03-19,17:26,Meera,Incoming,11:40
77,2026-03-19,18:56,Neha,Incoming,05:22
77,2026-03-19,20:10,Mom,Missed,00:00
77,2026-03-19,20:38,Aarav,Outgoing,01:54
77,2026-03-19,21:49,Boss,Outgoing,07:08
77,2026-03-20,00:14,Aarav,Outgoing,20:49
77,2026-03-20,02:42,Priya,Incoming,22:43
77,2026-03-20,04:29,Sister,Outgoing,10:57
77,2026-03-20,04:45,Priya,Incoming,09:13
77,2026-03-20,06:55,Mom,Incoming,19:15
77,2026-03-20,09:20,Boss,Incoming,12:59
77,2026-03-20,10:58,Karan,Incoming,00:06
77,2026-03-20,12:49,Mom,Outgoing,16:52
77,2026-03-20,14:34,Rohan,Outgoing,04:40
77,2026-03-20,16:45,Unknown,Outgoing,14:34
77,2026-03-20,19:04,Boss,Incoming,16:22
78,2026-03-20,08:25,Ankit,Outgoing,17:41
78,2026-03-20,09:03,Rohan,Missed,00:00
78,2026-03-20,10:11,Ankit,Missed,00:00
78,2026-03-20,12:56,Karan,Outgoing,23:29
78,2026-03-20,15:07,Sister,Incoming,04:47
78,2026-03-20,15:58,Karan,Incoming,01:20
78,2026-03-20,18:57,Priya,Incoming,10:23
78,2026-03-20,21:03,Neha,Incoming,02:29
78,2026-03-20,22:53,Neha,Outgoing,07:44
78,2026-03-21,01:47,Office,Incoming,06:20
78,2026-03-21,01:59,Ankit,Incoming,22:20
78,2026-03-21,04:41,Mom,Outgoing,10:41
78,2026-03-21,06:38,Priya,Incoming,05:11
78,2026-03-21,09:25,Dad,Incoming,16:28
78,2026-03-21,11:08,Dad,Incoming,00:36
78,2026-03-21,13:36,Karan,Missed,00:00
78,2026-03-21,15:11,Sister,Outgoing,00:43
78,2026-03-21,15:34,Rohan,Outgoing,11:45
78,2026-03-21,17:19,Karan,Outgoing,14:07
78,2026-03-21,18:02,Unknown,Incoming,10:27
79,2026-03-21,10:20,Meera,Incoming,21:11
79,2026-03-21,12:57,Karan,Missed,00:00
79,2026-03-21,15:37,Meera,Incoming,09:20
79,2026-03-21,17:26,Boss,Incoming,09:02
79,2026-03-21,18:20,Rahul,Outgoing,02:22
79,2026-03-21,21:05,Office,Outgoing,08:56
79,2026-03-21,23:11,Rahul,Incoming,20:26
79,2026-03-22,01:48,Neha,Outgoing,03:58
79,2026-03-22,03:11,Sister,Incoming,16:29
79,2026-03-22,04:31,Priya,Outgoing,02:14
79,2026-03-22,06:14,Neha,Outgoing,10:11
79,2026-03-22,08:05,Rohan,Outgoing,08:13
79,2026-03-22,11:05,Office,Incoming,25:38
79,2026-03-22,11:58,Unknown,Outgoing,10:20
79,2026-03-22,14:33,Sister,Incoming,12:58
79,2026-03-22,16:15,Sister,Outgoing,00:45
79,2026-03-22,19:06,Ankit,Incoming,09:04
79,2026-03-22,20:21,Priya,Outgoing,16:04
79,2026-03-22,22:34,Ankit,Outgoing,24:52
79,2026-03-23,00:17,Meera,Outgoing,05:33
80,2026-03-22,08:43,Rahul,Incoming,21:08
80,2026-03-22,10:18,Ankit,Incoming,08:47
80,2026-03-22,10:29,Meera,Incoming,15:21
80,2026-03-22,10:46,Sister,Incoming,24:28
80,2026-03-22,12:35,Sister,Incoming,14:34
80,2026-03-22,14:44,Meera,Incoming,00:09
80,2026-03-22,17:11,Dad,Missed,00:00
80,2026-03-22,17:23,Meera,Outgoing,06:58
80,2026-03-22,19:12,Karan,Outgoing,13:16
80,2026-03-22,19:42,Karan,Outgoing,24:44
80,2026-03-22,20:09,Unknown,Outgoing,18:26
80,2026-03-22,21:29,Mom,Incoming,00:40
80,2026-03-22,22:11,Priya,Outgoing,03:16
80,2026-03-22,22:35,Rahul,Missed,00:00
80,2026-03-23,00:48,Dad,Outgoing,00:32
80,2026-03-23,03:21,Mom,Outgoing,05:06
80,2026-03-23,03:57,Mom,Outgoing,07:48
80,2026-03-23,06:41,Karan,Incoming,24:40
80,2026-03-23,08:17,Boss,Incoming,17:45
80,2026-03-23,09:24,Office,Outgoing,13:10
81,2026-03-23,10:18,Sister,Outgoing,11:30
81,2026-03-23,10:28,Dad,Incoming,21:39
81,2026-03-23,11:37,Unknown,Incoming,23:09
81,2026-03-23,14:05,Dad,Incoming,14:53
81,2026-03-23,15:25,Rohan,Missed,00:00
81,2026-03-23,17:59,Boss,Outgoing,02:07
81,2026-03-23,19:18,Mom,Incoming,11:31
81,2026-03-23,22:15,Office,Outgoing,15:34
81,2026-03-24,00:58,Neha,Outgoing,02:04
81,2026-03-24,02:05,Rohan,Outgoing,24:31
81,2026-03-24,02:45,Boss,Outgoing,08:12
81,2026-03-24,03:35,Mom,Incoming,15:47
81,2026-03-24,04:48,Ankit,Outgoing,22:07
81,2026-03-24,05:25,Sister,Incoming,04:11
81,2026-03-24,05:37,Rohan,Incoming,16:28
81,2026-03-24,06:20,Rohan,Incoming,25:23
81,2026-03-24,08:35,Neha,Incoming,12:21
81,2026-03-24,09:34,Sister,Incoming,07:10
81,2026-03-24,11:04,Ankit,Incoming,25:38
81,2026-03-24,13:53,Dad,Missed,00:00
82,2026-03-24,08:22,Boss,Outgoing,24:31
82,2026-03-24,08:42,Neha,Incoming,17:25
82,2026-03-24,11:25,Meera,Incoming,24:13
82,2026-03-24,12:19,Karan,Incoming,02:27
82,2026-03-24,15:04,Dad,Outgoing,11:21
82,2026-03-24,15:32,Mom,Incoming,04:31
82,2026-03-24,16:56,Office,Outgoing,23:37
82,2026-03-24,17:36,Priya,Outgoing,25:42
82,2026-03-24,18:15,Unknown,Outgoing,09:22
82,2026-03-24,21:10,Neha,Incoming,25:06
82,2026-03-24,22:32,Office,Incoming,07:32
82,2026-03-24,23:17,Boss,Outgoing,03:30
82,2026-03-24,23:46,Priya,Missed,00:00
82,2026-03-25,01:24,Rahul,Incoming,12:21
82,2026-03-25,02:52,Karan,Outgoing,09:05
82,2026-03-25,04:09,Ankit,Outgoing,24:46
82,2026-03-25,04:43,Boss,Incoming,12:09
82,2026-03-25,06:09,Meera,Outgoing,13:43
82,2026-03-25,07:24,Dad,Incoming,09:57
82,2026-03-25,09:59,Priya,Outgoing,20:15
83,2026-03-25,10:18,Boss,Outgoing,11:53
83,2026-03-25,11:12,Unknown,Incoming,11:21
83,2026-03-25,11:22,Neha,Outgoing,18:35
83,2026-03-25,12:37,Priya,Outgoing,10:50
83,2026-03-25,13:09,Unknown,Incoming,07:50
83,2026-03-25,15:59,Mom,Outgoing,15:41
83,2026-03-25,18:17,Karan,Incoming,22:50
83,2026-03-25,20:52,Dad,Incoming,11:36
83,2026-03-25,23:14,Meera,Incoming,19:16
83,2026-03-26,00:01,Dad,Incoming,21:13
83,2026-03-26,02:15,Rohan,Incoming,19:26
83,2026-03-26,03:11,Aarav,Incoming,18:17
83,2026-03-26,04:11,Aarav,Incoming,21:53
83,2026-03-26,04:23,Mom,Incoming,06:30
83,2026-03-26,05:57,Mom,Missed,00:00
83,2026-03-26,07:53,Priya,Outgoing,14:32
83,2026-03-26,10:52,Ankit,Incoming,21:40
83,2026-03-26,12:20,Boss,Outgoing,22:07
83,2026-03-26,14:53,Karan,Outgoing,02:35
83,2026-03-26,15:50,Dad,Incoming,12:58
84,2026-03-26,09:52,Priya,Missed,00:00
84,2026-03-26,10:24,Meera,Outgoing,17:00
84,2026-03-26,13:15,Dad,Incoming,17:45
84,2026-03-26,13:57,Rahul,Incoming,05:05
84,2026-03-26,14:34,Aarav,Outgoing,06:28
84,2026-03-26,15:43,Dad,Incoming,13:42
84,2026-03-26,18:26,Rohan,Incoming,21:24
84,2026-03-26,20:05,Priya,Incoming,02:17
84,2026-03-26,22:56,Rahul,Outgoing,11:27
84,2026-03-27,00:44,Karan,Outgoing,25:08
84,2026-03-27,02:06,Neha,Outgoing,03:14
84,2026-03-27,04:51,Priya,Outgoing,14:38
84,2026-03-27,07:15,Karan,Outgoing,13:04
84,2026-03-27,09:37,Rahul,Outgoing,03:16
84,2026-03-27,09:56,Meera,Missed,00:00
84,2026-03-27,12:06,Sister,Incoming,10:19
84,2026-03-27,14:14,Rohan,Missed,00:00
84,2026-03-27,15:33,Neha,Incoming,23:44
84,2026-03-27,16:30,Meera,Missed,00:00
84,2026-03-27,17:59,Mom,Outgoing,16:26
85,2026-03-27,10:00,Unknown,Incoming,12:10
85,2026-03-27,10:42,Neha,Outgoing,14:31
85,2026-03-27,11:41,Sister,Incoming,18:57
85,2026-03-27,13:05,Karan,Outgoing,24:09
85,2026-03-27,13:19,Unknown,Outgoing,09:40
85,2026-03-27,14:01,Ankit,Incoming,16:14
85,2026-03-27,14:26,Aarav,Outgoing,10:16
85,2026-03-27,17:00,Meera,Incoming,23:49
85,2026-03-27,19:08,Priya,Missed,00:00
85,2026-03-27,21:38,Office,Incoming,24:49
85,2026-03-27,23:01,Boss,Outgoing,02:20
85,2026-03-27,23:16,Neha,Outgoing,16:45
85,2026-03-28,02:04,Aarav,Incoming,24:23
85,2026-03-28,03:43,Ankit,Incoming,19:39
85,2026-03-28,04:55,Karan,Outgoing,09:05
85,2026-03-28,06:42,Mom,Incoming,12:48
85,2026-03-28,09:09,Rohan,Outgoing,14:18
85,2026-03-28,09:28,Neha,Outgoing,13:54
85,2026-03-28,11:19,Meera,Incoming,19:14
85,2026-03-28,12:33,Dad,Missed,00:00
86,2026-03-28,10:36,Neha,Outgoing,06:39
86,2026-03-28,12:36,Boss,Incoming,24:38
86,2026-03-28,14:00,Meera,Incoming,11:11
86,2026-03-28,14:27,Neha,Missed,00:00
86,2026-03-28,14:50,Dad,Missed,00:00
86,2026-03-28,15:08,Aarav,Incoming,05:56
86,2026-03-28,15:33,Neha,Incoming,01:00
86,2026-03-28,17:12,Office,Missed,00:00
86,2026-03-28,19:51,Boss,Outgoing,23:32
86,2026-03-28,21:24,Meera,Incoming,08:57
86,2026-03-28,22:48,Rahul,Incoming,03:04
86,2026-03-28,23:22,Meera,Incoming,10:32
86,2026-03-29,00:33,Karan,Incoming,14:21
86,2026-03-29,01:44,Ankit,Outgoing,24:15
86,2026-03-29,04:35,Dad,Outgoing,19:25
86,2026-03-29,04:54,Meera,Outgoing,04:53
86,2026-03-29,07:54,Dad,Incoming,07:33
86,2026-03-29,08:46,Sister,Incoming,00:13
86,2026-03-29,11:31,Unknown,Outgoing,10:40
86,2026-03-29,14:26,Rahul,Incoming,20:32
87,2026-03-29,09:05,Rahul,Outgoing,06:14
87,2026-03-29,11:08,Unknown,Missed,00:00
87,2026-03-29,11:20,Boss,Incoming,19:35
87,2026-03-29,13:48,Neha,Outgoing,18:41
87,2026-03-29,16:20,Ankit,Outgoing,24:28
87,2026-03-29,18:47,Unknown,Incoming,16:11
87,2026-03-29,20:47,Rohan,Outgoing,25:48
87,2026-03-29,23:03,Office,Outgoing,12:55
87,2026-03-29,23:38,Unknown,Missed,00:00
87,2026-03-30,01:24,Rahul,Outgoing,06:29
87,2026-03-30,01:41,Karan,Incoming,05:14
87,2026-03-30,03:22,Unknown,Outgoing,20:21
87,2026-03-30,05:32,Dad,Outgoing,00:21
87,2026-03-30,06:15,Ankit,Missed,00:00
87,2026-03-30,06:59,Meera,Incoming,11:37
87,2026-03-30,09:01,Office,Incoming,19:46
87,2026-03-30,11:37,Rahul,Incoming,09:30
87,2026-03-30,14:15,Aarav,Outgoing,15:06
87,2026-03-30,16:22,Office,Outgoing,09:28
87,2026-03-30,18:40,Rahul,Outgoing,09:03
88,2026-03-30,10:27,Mom,Incoming,05:16
88,2026-03-30,12:02,Rohan,Outgoing,24:38
88,2026-03-30,14:44,Priya,Incoming,02:20
88,2026-03-30,15:07,Sister,Incoming,24:15
88,2026-03-30,16:28,Meera,Incoming,15:24
88,2026-03-30,17:05,Karan,Outgoing,18:37
88,2026-03-30,18:28,Karan,Missed,00:00
88,2026-03-30,19:35,Sister,Incoming,00:23
88,2026-03-30,22:05,Ankit,Outgoing,08:03
88,2026-03-30,23:17,Priya,Outgoing,11:54
88,2026-03-31,02:02,Office,Incoming,02:57
88,2026-03-31,02:37,Mom,Outgoing,22:33
88,2026-03-31,04:46,Office,Incoming,02:26
88,2026-03-31,07:45,Office,Outgoing,25:58
88,2026-03-31,10:11,Meera,Incoming,23:53
88,2026-03-31,10:46,Boss,Missed,00:00
88,2026-03-31,13:03,Karan,Incoming,03:26
88,2026-03-31,14:22,Priya,Incoming,02:38
88,2026-03-31,14:56,Neha,Outgoing,00:40
88,2026-03-31,16:10,Boss,Incoming,22:16
89,2026-03-31,08:43,Rohan,Outgoing,02:14
89,2026-03-31,10:24,Unknown,Missed,00:00
89,2026-03-31,11:50,Rahul,Outgoing,25:57
89,2026-03-31,14:12,Karan,Outgoing,00:26
89,2026-03-31,15:40,Office,Missed,00:00
89,2026-03-31,17:10,Mom,Incoming,08:53
89,2026-03-31,20:05,Karan,Incoming,06:42
89,2026-03-31,21:50,Rohan,Outgoing,04:59
89,2026-03-31,23:51,Neha,Incoming,13:19
89,2026-04-01,00:41,Meera,Incoming,19:32
89,2026-04-01,02:28,Office,Incoming,00:30
89,2026-04-01,03:19,Office,Incoming,01:31
89,2026-04-01,04:10,Dad,Missed,00:00
89,2026-04-01,06:47,Dad,Outgoing,16:59
89,2026-04-01,09:27,Neha,Incoming,12:02
89,2026-04-01,10:32,Dad,Incoming,20:04
89,2026-04-01,12:12,Rahul,Missed,00:00
89,2026-04-01,13:51,Priya,Missed,00:00
89,2026-04-01,15:00,Boss,Incoming,00:51
89,2026-04-01,15:38,Dad,Outgoing,18:30
90,2026-04-01,09:48,Ankit,Outgoing,20:58
90,2026-04-01,12:16,Ankit,Incoming,01:13
90,2026-04-01,15:03,Mom,Outgoing,21:48
90,2026-04-01,17:04,Rohan,Outgoing,00:01
90,2026-04-01,19:34,Boss,Outgoing,25:11
90,2026-04-01,21:44,Dad,Outgoing,11:35
90,2026-04-01,23:27,Sister,Incoming,11:48
90,2026-04-02,00:15,Karan,Outgoing,14:29
90,2026-04-02,01:42,Rahul,Incoming,15:33
90,2026-04-02,04:17,Rohan,Outgoing,25:50
90,2026-04-02,05:02,Aarav,Incoming,24:36
90,2026-04-02,06:26,Aarav,Outgoing,16:12
90,2026-04-02,07:28,Priya,Incoming,22:31
90,2026-04-02,10:12,Karan,Incoming,22:49
90,2026-04-02,13:03,Office,Outgoing,22:39
90,2026-04-02,15:33,Office,Outgoing,25:58
90,2026-04-02,16:38,Unknown,Outgoing,22:15
90,2026-04-02,18:18,Office,Outgoing,08:11
90,2026-04-02,18:28,Unknown,Incoming,05:21
90,2026-04-02,20:18,Priya,Outgoing,17:15
91,2026-04-02,10:17,Neha,Outgoing,14:07
91,2026-04-02,11:48,Mom,Incoming,01:01
91,2026-04-02,12:45,Unknown,Outgoing,04:03
91,2026-04-02,15:08,Mom,Outgoing,01:31
91,2026-04-02,17:47,Priya,Incoming,25:15
91,2026-04-02,19:38,Boss,Incoming,20:19
91,2026-04-02,22:17,Aarav,Missed,00:00
91,2026-04-02,23:40,Rahul,Outgoing,01:01
91,2026-04-03,00:36,Aarav,Incoming,14:17
91,2026-04-03,01:45,Sister,Incoming,17:15
91,2026-04-03,02:12,Karan,Outgoing,19:17
91,2026-04-03,03:52,Ankit,Outgoing,14:18
91,2026-04-03,05:59,Ankit,Outgoing,02:01
91,2026-04-03,06:27,Neha,Outgoing,13:49
91,2026-04-03,08:51,Office,Incoming,00:34
91,2026-04-03,09:27,Priya,Outgoing,24:29
91,2026-04-03,12:07,Office,Missed,00:00
91,2026-04-03,12:45,Priya,Incoming,06:26
91,2026-04-03,14:52,Aarav,Outgoing,00:26
91,2026-04-03,15:25,Neha,Outgoing,05:21
92,2026-04-03,08:29,Ankit,Outgoing,04:09
92,2026-04-03,09:43,Dad,Outgoing,25:54
92,2026-04-03,10:57,Dad,Outgoing,03:59
92,2026-04-03,12:18,Priya,Incoming,24:47
92,2026-04-03,13:52,Rohan,Missed,00:00
92,2026-04-03,14:57,Karan,Outgoing,04:31
92,2026-04-03,16:08,Unknown,Incoming,17:17
92,2026-04-03,17:17,Unknown,Incoming,07:06
92,2026-04-03,18:58,Mom,Incoming,06:17
92,2026-04-03,19:13,Mom,Incoming,22:01
92,2026-04-03,21:36,Meera,Incoming,10:02
92,2026-04-03,22:35,Priya,Missed,00:00
92,2026-04-04,01:33,Neha,Outgoing,07:59
92,2026-04-04,03:23,Neha,Outgoing,01:41
92,2026-04-04,05:08,Ankit,Outgoing,24:01
92,2026-04-04,08:06,Aarav,Incoming,15:27
92,2026-04-04,10:42,Meera,Incoming,19:10
92,2026-04-04,11:07,Boss,Outgoing,04:29
92,2026-04-04,13:21,Priya,Incoming,05:50
92,2026-04-04,15:36,Karan,Outgoing,04:28
93,2026-04-04,08:19,Meera,Incoming,11:40
93,2026-04-04,11:09,Neha,Incoming,06:33
93,2026-04-04,13:56,Priya,Missed,00:00
93,2026-04-04,14:34,Karan,Incoming,02:39
93,2026-04-04,15:02,Meera,Outgoing,21:52
93,2026-04-04,17:34,Mom,Outgoing,18:10
93,2026-04-04,18:17,Meera,Missed,00:00
93,2026-04-04,18:41,Sister,Outgoing,15:39
93,2026-04-04,18:58,Sister,Outgoing,16:07
93,2026-04-04,21:45,Priya,Incoming,05:07
93,2026-04-05,00:18,Dad,Incoming,16:46
93,2026-04-05,00:43,Rahul,Incoming,19:05
93,2026-04-05,02:04,Sister,Incoming,24:18
93,2026-04-05,03:43,Karan,Missed,00:00
93,2026-04-05,05:04,Ankit,Incoming,11:40
93,2026-04-05,06:07,Mom,Incoming,23:23
93,2026-04-05,08:10,Sister,Outgoing,04:00
93,2026-04-05,09:13,Unknown,Incoming,14:24
93,2026-04-05,10:41,Priya,Incoming,24:15
93,2026-04-05,12:36,Sister,Outgoing,00:05
94,2026-04-05,10:20,Karan,Outgoing,15:09
94,2026-04-05,11:50,Dad,Incoming,15:43
94,2026-04-05,14:20,Neha,Outgoing,07:08
94,2026-04-05,15:21,Rahul,Incoming,17:49
94,2026-04-05,16:56,Karan,Outgoing,03:20
94,2026-04-05,17:16,Rohan,Outgoing,18:51
94,2026-04-05,17:49,Mom,Incoming,03:27
94,2026-04-05,19:57,Neha,Outgoing,05:20
94,2026-04-05,21:55,Neha,Incoming,02:54
94,2026-04-05,23:02,Karan,Outgoing,12:52
94,2026-04-05,23:51,Rahul,Outgoing,00:17
94,2026-04-06,02:35,Rohan,Incoming,23:51
94,2026-04-06,03:40,Unknown,Outgoing,21:37
94,2026-04-06,05:44,Rohan,Incoming,15:13
94,2026-04-06,06:24,Neha,Outgoing,15:48
94,2026-04-06,07:57,Sister,Missed,00:00
94,2026-04-06,08:31,Priya,Missed,00:00
94,2026-04-06,10:03,Unknown,Incoming,03:34
94,2026-04-06,10:26,Rahul,Outgoing,06:04
94,2026-04-06,11:01,Meera,Outgoing,00:04
95,2026-04-06,08:35,Meera,Missed,00:00
95,2026-04-06,10:48,Boss,Missed,00:00
95,2026-04-06,11:17,Boss,Outgoing,25:54
95,2026-04-06,13:14,Sister,Incoming,10:20
95,2026-04-06,14:51,Boss,Incoming,04:35
95,2026-04-06,15:20,Rohan,Outgoing,02:46
95,2026-04-06,16:50,Dad,Outgoing,23:42
95,2026-04-06,17:43,Ankit,Outgoing,15:46
95,2026-04-06,20:39,Rahul,Incoming,02:57
95,2026-04-06,21:18,Rahul,Incoming,18:23
95,2026-04-07,00:12,Office,Incoming,02:39
95,2026-04-07,01:26,Boss,Incoming,09:46
95,2026-04-07,01:55,Boss,Incoming,21:40
95,2026-04-07,03:46,Rahul,Incoming,14:28
95,2026-04-07,04:22,Rahul,Outgoing,20:36
95,2026-04-07,06:57,Sister,Outgoing,02:42
95,2026-04-07,08:00,Priya,Incoming,20:47
95,2026-04-07,08:53,Unknown,Outgoing,22:10
95,2026-04-07,10:32,Unknown,Missed,00:00
95,2026-04-07,12:20,Karan,Incoming,17:45
96,2026-04-07,10:34,Office,Missed,00:00
96,2026-04-07,11:22,Sister,Outgoing,04:07
96,2026-04-07,12:25,Priya,Incoming,17:19
96,2026-04-07,13:24,Priya,Incoming,13:01
96,2026-04-07,15:20,Priya,Outgoing,21:16
96,2026-04-07,17:09,Aarav,Outgoing,06:21
96,2026-04-07,19:19,Sister,Outgoing,02:53
96,2026-04-07,20:10,Priya,Outgoing,09:45
96,2026-04-07,22:15,Karan,Incoming,25:00
96,2026-04-07,23:59,Karan,Outgoing,08:03
96,2026-04-08,01:02,Priya,Outgoing,24:57
96,2026-04-08,03:39,Priya,Incoming,25:07
96,2026-04-08,04:00,Priya,Missed,00:00
96,2026-04-08,04:48,Aarav,Incoming,23:02
96,2026-04-08,07:33,Rahul,Incoming,16:36
96,2026-04-08,09:42,Dad,Missed,00:00
96,2026-04-08,11:22,Priya,Missed,00:00
96,2026-04-08,12:00,Rohan,Incoming,07:04
96,2026-04-08,13:36,Sister,Incoming,22:45
96,2026-04-08,14:08,Aarav,Incoming,03:15
97,2026-04-08,09:06,Unknown,Missed,00:00
97,2026-04-08,12:01,Dad,Outgoing,13:16
97,2026-04-08,14:08,Unknown,Missed,00:00
97,2026-04-08,15:35,Mom,Outgoing,20:48
97,2026-04-08,17:48,Aarav,Outgoing,22:02
97,2026-04-08,19:53,Sister,Outgoing,21:06
97,2026-04-08,22:41,Office,Missed,00:00
97,2026-04-09,00:18,Meera,Outgoing,14:30
97,2026-04-09,02:45,Karan,Incoming,19:27
97,2026-04-09,03:01,Ankit,Outgoing,16:27
97,2026-04-09,03:52,Aarav,Incoming,02:53
97,2026-04-09,04:53,Office,Incoming,04:23
97,2026-04-09,06:56,Mom,Incoming,05:44
97,2026-04-09,08:36,Boss,Missed,00:00
97,2026-04-09,10:51,Office,Incoming,07:00
97,2026-04-09,13:05,Aarav,Incoming,04:20
97,2026-04-09,15:07,Aarav,Outgoing,10:22
97,2026-04-09,16:37,Unknown,Incoming,10:42
97,2026-04-09,18:06,Ankit,Incoming,11:40
97,2026-04-09,19:10,Boss,Incoming,16:26
98,2026-04-09,10:11,Neha,Outgoing,11:16
98,2026-04-09,10:22,Dad,Incoming,11:21
98,2026-04-09,11:06,Sister,Incoming,18:04
98,2026-04-09,12:14,Mom,Outgoing,01:12
98,2026-04-09,12:44,Ankit,Incoming,10:01
98,2026-04-09,15:10,Ankit,Missed,00:00
98,2026-04-09,15:47,Sister,Incoming,16:21
98,2026-04-09,15:57,Aarav,Incoming,24:04
98,2026-04-09,18:39,Dad,Incoming,08:52
98,2026-04-09,20:48,Office,Incoming,11:56
98,2026-04-09,22:23,Dad,Outgoing,13:26
98,2026-04-10,00:32,Priya,Missed,00:00
98,2026-04-10,02:14,Rohan,Outgoing,22:28
98,2026-04-10,03:37,Karan,Outgoing,02:22
98,2026-04-10,05:30,Office,Missed,00:00
98,2026-04-10,07:19,Rohan,Incoming,00:35
98,2026-04-10,09:11,Karan,Missed,00:00
98,2026-04-10,09:33,Mom,Outgoing,13:40
98,2026-04-10,11:37,Dad,Outgoing,24:13
98,2026-04-10,13:26,Boss,Outgoing,25:46
99,2026-04-10,10:08,Office,Outgoing,14:45
99,2026-04-10,12:13,Mom,Outgoing,19:26
99,2026-04-10,14:29,Unknown,Outgoing,11:29
99,2026-04-10,16:48,Rahul,Outgoing,13:58
99,2026-04-10,18:44,Dad,Outgoing,23:06
99,2026-04-10,18:57,Rohan,Outgoing,11:09
99,2026-04-10,21:28,Ankit,Incoming,14:55
99,2026-04-10,22:19,Neha,Missed,00:00
99,2026-04-10,23:45,Mom,Missed,00:00
99,2026-04-11,02:14,Neha,Incoming,11:03
99,2026-04-11,05:14,Ankit,Incoming,15:12
99,2026-04-11,05:41,Aarav,Incoming,10:24
99,2026-04-11,06:11,Ankit,Outgoing,25:58
99,2026-04-11,07:24,Meera,Outgoing,25:40
99,2026-04-11,10:11,Unknown,Missed,00:00
99,2026-04-11,11:43,Aarav,Incoming,07:38
99,2026-04-11,12:03,Rohan,Missed,00:00
99,2026-04-11,13:55,Office,Incoming,22:51
99,2026-04-11,15:04,Rohan,Outgoing,19:04
99,2026-04-11,17:48,Ankit,Incoming,15:56
100,2026-04-11,08:58,Mom,Missed,00:00
100,2026-04-11,09:28,Dad,Incoming,04:24
100,2026-04-11,12:17,Priya,Missed,00:00
100,2026-04-11,13:36,Neha,Missed,00:00
100,2026-04-11,14:19,Sister,Outgoing,12:39
100,2026-04-11,15:45,Priya,Incoming,22:16
100,2026-04-11,18:38,Rahul,Incoming,04:57
100,2026-04-11,21:34,Unknown,Incoming,15:02
100,2026-04-11,22:14,Boss,Outgoing,06:36
100,2026-04-11,23:51,Office,Incoming,06:47
100,2026-04-12,02:03,Rahul,Missed,00:00
100,2026-04-12,04:33,Mom,Incoming,09:00
100,2026-04-12,06:17,Rohan,Incoming,01:46
100,2026-04-12,09:04,Office,Incoming,11:59
100,2026-04-12,12:02,Boss,Missed,00:00
100,2026-04-12,12:17,Priya,Incoming,09:00
100,2026-04-12,14:23,Dad,Outgoing,03:03
100,2026-04-12,15:23,Rahul,Outgoing,11:20
100,2026-04-12,16:21,Ankit,Outgoing,02:43
100,2026-04-12,17:22,Priya,Incoming,15:20
